제조사코드,제조사명,제조사 주소,홈페이지주소,등록일
0791,성진세미텍(주),"경기 시흥시 마유로 238번길 15, 3나동 108호 ",www.sjsemitech.com/main/main.php,2022-12-01 오후 01:13:28
0793,성진정밀,경북 구미시 3공단3로 104-7,www.sj-press.com/,2022-12-01 오후 01:13:28
0794,성진정밀기계,대구 서구 서대구로63길 15 ,,2022-12-01 오후 01:13:28
0795,성진테크(주),경남 김해시 진영읍 서부로 179번길 39-86,www.sungjintech.kr/ko/index.php,2022-12-01 오후 01:13:28
0796,(주)성진텍,경북 성주군 대가면 참별로 2288 ,www.damenda.kr/,2022-12-01 오후 01:13:28
0798,성창유한회사,대구 서구 비산동 2880 ,,2022-12-01 오후 01:13:28
0800,성호산업,인천 서구 가정로 58번길 23 ,www.xn--ob0bjxf15bh8p8td.biz/default/,2022-12-01 오후 01:13:28
0802,세건티앤에스,경기 경기 안성시 미양면 안성맞춤대로 351 ,,2022-12-01 오후 01:13:28
0803,(유)세계로냉동상사,전주 완산구 태진로 10 ,www.xn--989a79eh3c7rg79m.com/g4/html/index.htm,2022-12-01 오후 01:13:28
0804,(주)세계전자,"대구 달서구 성서로 229, 302호 ",,2022-12-01 오후 01:13:28
0805,세기교역상사,충북 진천군 이월면 신월리 337-30번지,www.skrtn.com/,2022-12-01 오후 01:13:28
0806,세기(주),경상북도 포항시 남구 철강산단로 202,www.segiglobal.co.kr/,2022-12-01 오후 01:13:28
0807,(주)세림농기계,제주 제주시 구좌읍 세화남3길 4 ,,2022-12-01 오후 01:13:28
0808,세림쵸프밀(주),경상북도 경산시 자인면 을옥길 31-24,www.serimmachine.com/,2022-12-01 오후 01:13:28
0810,세신종합기계,경북 의성군 봉양면 분토1길 29 ,seshine.co.kr/,2022-12-01 오후 01:13:28
0811,세아그로텍(주),광주 광산구 진곡산단5번로 57-5 ,naju.bizdaara.com/,2022-12-01 오후 01:13:28
0813,(주)세안농기계,광주 북구 첨단벤처로60번길 25,sean.machineyh.co.kr/cafe/skin_5/case.mc,2022-12-01 오후 01:13:28
0814,세안이노텍(주),광주 광산구 평동산단2번로 189,seaan5853.bizdaara.com/,2022-12-01 오후 01:13:28
0816,세운물산(주),경북 칠곡군 가산면 경북대로 1495 ,www.sewoonms.com/,2022-12-01 오후 01:13:28
0817,(주)세웅,전북 남원시 광치산업1길 17-22 ,sewoong.koreasme.com,2022-12-01 오후 01:13:28
0819,세원기계,충남 천안시 서북구 성환읍 연암율금로 153 ,https://sewone.modoo.at/,2022-12-01 오후 01:13:28
0821,세원산기(주),경기 평택시 유천3길 43 ,,2022-12-01 오후 01:13:28
0822,세원산업(주),충남 아산시 도고면 금산길 11 ,,2022-12-01 오후 01:13:28
0826,세종이엔씨(주),충청남도 청양군 정산면 정현길 47,www.sjenc.co.kr/,2022-12-01 오후 01:13:28
0827,세종테크(주),경기도 부천시 오정구 오정로 133번길 34,www.sejongsci.co.kr/,2022-12-01 오후 01:13:28
0828,(주)세종하이텍,충청북도 청주시 서원구 남이면 부용외천2길 13-15,sejonght.com/home/main.php,2022-12-01 오후 01:13:28
0829,세진테크,인천광역시 남동구 능허대로649번길 89,www.sejintech.co.kr/,2022-12-01 오후 01:13:28
0830,세창기계,경북 영천시 장수로 249 ,https://www.sechangmachine.com/,2022-12-01 오후 01:13:28
0831,(주)세코,전북 남원시 주천면 웅치길 55-16 ,,2022-12-01 오후 01:13:28
0832,세한,경북 김천시 체육공원길 167-71 ,www.sehansorter.co.kr/,2022-12-01 오후 01:13:28
0833,세한테크(주),부산광역시 강서구 녹산산업중로 66,www.sehantech.kr/html/main.php,2022-12-01 오후 01:13:28
0834,세협기계(주),충남 아산시 염치읍 동정길 37 ,sehyup.com/main/main.php,2022-12-01 오후 01:13:28
0835,세형아마존,전북 익산시 낭산면 낭산농공단지길 13 ,www.sehyung-amazone.kr/,2022-12-01 오후 01:13:28
0836,(주)센추리,경북 청도군 청도읍 월곡2길 49 ,,2022-12-01 오후 01:13:28
0840,(주)솔빛,"서울 용산구 원효로 138, 504호 ",slvt.co.kr/,2022-12-01 오후 01:13:28
0841,송림참바람,경상남도 밀양시 교동 833-3,https://m.blog.daum.net/songlimwing,2022-12-01 오후 01:13:28
0842,송암농기계,전남 나주시 산포면 산남로 17 ,songamfm.co.kr/,2022-12-01 오후 01:13:28
0844,(주)송현,전남 함평군 학교면 영산로 3763 ,www.songhyun.kr/,2022-12-01 오후 01:13:28
0845,수경테크,경기도 시흥시 군자천로 119번길 16,www.sukyoungtech.com/,2022-12-01 오후 01:13:28
0846,(주)수국,경기 이천시 신둔면 원적로 290번길 107 ,www.sookook.co.kr/,2022-12-01 오후 01:13:28
0850,(주)스마트난방,부산 사상구 새벽로 223번길 55 ,,2022-12-01 오후 01:13:28
0851,스케일트론(주),광주광역시 광산구 손재로 436-39,www.scaletron.kr/pc/,2022-12-01 오후 01:13:28
0854,승진상사,경북 예천군 예천읍 백전리 119-2,www.sjsangsa.co.kr,2022-12-01 오후 01:13:28
0855,승진프로슈머,경북 예천군 예천읍 상동길 40 ,sjprosumer.com/,2022-12-01 오후 01:13:28
0856,승한기계(주),경상북도 성주군 용암면 사곡길 192,https://blog.naver.com/shm1332,2022-12-01 오후 01:13:28
0857,승화공업사,경북 칠곡군 왜관읍 아곡7길 10 ,www.seunghwaburner.com/,2022-12-01 오후 01:13:28
0858,(주)시스웍스,경기도 평택시 청북읍 드림산단3로 95,www.sysworks.co.kr/,2022-12-01 오후 01:13:28
0859,(주)시스코,충남 천안시 서북구 입장면 연곡길 172-30 ,,2022-12-01 오후 01:13:28
0860,시즈오카한성(주),전북 익산시 보석로4길 29 ,www.shizuokahansung.co.kr/,2022-12-01 오후 01:13:28
0861,신광산업,대구 달서구 성서공단로25길 51 ,,2022-12-01 오후 01:13:28
0862,신농(주),경북 김천시 공단로 100-1 ,www.shin-nong.com/v2/kor/index.htm,2022-12-01 오후 01:13:28
0865,신동양산업,"대구광역시 서구 팔달로 34, 3층",sdyenc.com/,2022-12-01 오후 01:13:28
0870,신성기계,전북 전주시 덕진구 구렛들 3길 59,shinsung21c.co.kr/,2022-12-01 오후 01:13:28
0872,신성이엔지,광주 광산구 도천남길 40 ,,2022-12-01 오후 01:13:28
0874,신성테크,부산 사상구 주감로 34(감정동) ,,2022-12-01 오후 01:13:28
0876,(주)신신테크,전북 익산시 오산면 송학리 870-10,,2022-12-01 오후 01:13:28
0877,(주)신아이노텍,광주 광산구 월전로 50 ,,2022-12-01 오후 01:13:28
0878,신아(주),전라북도 김제시 서흥공단1길 64,www.shin-aa.co.kr/,2022-12-01 오후 01:13:28
0879,(주)신안그린테크,전남 순천시 녹색로 1210 ,www.okshinan.com,2022-12-01 오후 01:13:28
0880,(주)신안산업,경북 경산시 압량면 가일길 84 ,,2022-12-01 오후 01:13:28
0883,신안테크,경북 고령군 운수면 법승길9 ,,2022-12-01 오후 01:13:28
0884,(주)신양에코스타,경기 김포시 대곶면 대명항로 414번길 117 ,www.xn--9t4b9dr6fhh284bp6b.com/,2022-12-01 오후 01:13:28
0885,신양테크,대구광역시 달성군 구지면 달성2차1로 101,www.shinyang.kr/,2022-12-01 오후 01:13:28
0887,(주)신영냉동산업,경기 경기 용인시 처인구 포곡읍 영문로29번길 145 ,oksy.co.kr/website/,2022-12-01 오후 01:13:28
0889,신영에어텍(주),경기도 성남시 중원구 사기막골로 52 선텍시티2차 701호,wulute.com/,2022-12-01 오후 01:13:28
0890,신영테크(주),경기도 화성시 정남면당으로 1714-37,www.e-syt.com/main/index.php,2022-12-01 오후 01:13:28
0891,(주)신용,경기 파주시 조리읍 명봉산로28번길 26 ,www.xn--zv4bia12wzo.kr/,2022-12-01 오후 01:13:28
0892,신우기계,대구 달성군 구지면 달성2차4로 100 ,https://blog.yeogie.com/swb/,2022-12-01 오후 01:13:28
0893,신원산업,경남 김해시 한림면 김해대로 974번길 130-17 ,,2022-12-01 오후 01:13:28
0894,(유)신일,전북 군산시 서수면 상장곤윗길 98 ,www.shinilgate.co.kr/,2022-12-01 오후 01:13:28
0895,(주)신일산업,경기 용인시 처인구 중부대로 1105 ,,2022-12-01 오후 01:13:28
0896,(주)신일실업,대구 동구 반야월북로2길 14 ,https://sinilshop.com:456/,2022-12-01 오후 01:13:28
0897,(주)신일에프엠알,경기 고양시 일산동구 지영로194번길 28 ,,2022-12-01 오후 01:13:28
0898,(주)신일종합건조기,대구 동구 공항로47길 21 ,www.sinil1558.com/,2022-12-01 오후 01:13:28
0899,신일테크(주),"경기도 시흥시 서해안로 81-44 제 5동 102호, 103호, 104호",www.shiniltech.co.kr/,2022-12-01 오후 01:13:28
0900,신정개발특장차(주),울산광역시 울주군 언양읍 곰재길 169,www.sjmotor.com/,2022-12-01 오후 01:13:28
0901,신진공업사,울산광역시 북구 산성로 54,https://sinjinic.modoo.at/,2022-12-01 오후 01:13:28
0902,신진기계,충남 천안시 서북구 성거읍 신월소우길 85-15 ,,2022-12-01 오후 01:13:28
0903,(주)신진에너텍,전북 전주시 덕진구 하오용흥길 18-7 ,www.xn--299a47e6y0aula50bk3l.kr/,2022-12-01 오후 01:13:28
0904,신진엔지니어링,경기도 파주시 적성면 적성산단 1로 14,www.shinjineng.com/,2022-12-01 오후 01:13:28
0905,(주)신진하이테크,광주 광산구 하남산단천변우로 46 ,www.xn--zv4b29j.com/,2022-12-01 오후 01:13:28
0906,신창기계,경상남도 창원시 마산회원구 봉암공단 4길 74,www.scgige.com/kr/index.html,2022-12-01 오후 01:13:28
0909,(주)신풍,경북 구미시 1공단로 7길 51 ,shinpung.co.kr/,2022-12-01 오후 01:13:28
0910,신한내산,경기 김포시 하성면 원통로 28번길 51 ,www.shcpump.com/,2022-12-01 오후 01:13:28
0911,신한냉동플랜트(주),충청북도 청주시 청원구 내수읍 은곡2길 32,www.sinhan.org/html/index.htm,2022-12-01 오후 01:13:28
0912,신한보일러(주),경기도 김포시 양촌읍 양곡우회로 190번지,sh-boiler.co.kr/sub/main.asp,2022-12-01 오후 01:13:28
0913,신한에이텍(주),경남 창원시 마산합포구 진북면 진북산업로 116-31 ,https://sh1000.co.kr/,2022-12-01 오후 01:13:28
0914,(주)신한월드,충남 천안시 서북구 백석동 1095번지 신기빌딩,www.shinhanworld.co.kr/,2022-12-01 오후 01:13:28
0916,신한테크,인천광역시 부평구 평천로 51,www.sinhantech.com/,2022-12-01 오후 01:13:28
0917,신현무역,대구 달성군 논공읍 비슬로262길 5 ,ssentec.com/,2022-12-01 오후 01:13:28
0918,신형송풍기,대구 달서구 월암동 성서서로 48-5 ,www.sinhyung.co.kr/,2022-12-01 오후 01:13:28
0919,신호시스템(주),경기 부천시 조마루로 385번길 20 ,shinhosystem.com/,2022-12-01 오후 01:13:28
0920,신화인기계,경기 안성시 일죽면 신흥리 산80-1 ,,2022-12-01 오후 01:13:28
0921,신화정공,경기 화성시 남양읍 남양로 352-15 ,www.21sinhwa.com/,2022-12-01 오후 01:13:28
0923,(주)신흥강판,충북 청주시 흥덕구 공단로 126번길 40 (송정동 70-45) ,,2022-12-01 오후 01:13:28
0925,신흥공업사,경기 화성시 향남읍 발안공단로4길 107 ,www.sh-ind.co.kr/,2022-12-01 오후 01:13:28
0927,신흥기업(주),충북 청주시 흥덕구 2순환로971번길 75 ,www.shinheung.co.kr/,2022-12-01 오후 01:13:28
0929,(주)실티,경기 고양시 일산동구 지영로 67 ,www.silti.co.kr/,2022-12-01 오후 01:13:28
0930,쌍마기계(주),경북 경산시 압량면 가일리 268번지,ssangma.kr.ecplaza.net/,2022-12-01 오후 01:13:28
0931,쌍마보일러,경북 경산시 압량면 가일리 268번지,www.smboiler.co.kr/product/pro_stream_01.php,2022-12-01 오후 01:13:28
0932,쌍문기계,경북 의성군 금성면 탑리길 79-7,ssangmun.bizdaara.com/sell_list.html?cid=ssangmun,2022-12-01 오후 01:13:28
0933,쌍용기계산업(주),경기도 김포시 상마신기로41번길73,www.ssangyong195.com/,2022-12-01 오후 01:13:28
0934,썬기계,대구광역시 북구 유통단지로13길 41-12(산격동),hu5224.s17.hdweb.co.kr/,2022-12-01 오후 01:13:28
0935,썬닷컴(주),서울특별시 서초구 서초동 1537-6 3층 / 서울시 서초구 반포대로 75 3층,sundotcom.com/,2022-12-01 오후 01:13:28
0936,(주)썬레이텍,서울특별시 서초구 능안말길 40 (내곡동) 2층,www.sunraytec.co.kr/about_company,2022-12-01 오후 01:13:28
0937,썬모아(주),충북 음성군 대소면 내산길97번길 32(내산리325),www.sunmoa.co.kr/,2022-12-01 오후 01:13:28
0940,(주)썬코리아,인천광역시 서구 길무로 177번길 15(오류동),www.sunkor.co.kr/,2022-12-01 오후 01:13:28
0941,썸텍(주),"서울 구로구 구로동 디지털로26길 에이스하이엔드타워II 1201호, 1204), 61",https://www.sometech.com/ko,2022-12-01 오후 01:13:28
0944,(주)씨앤드피코리아,경기 부천시 삼작로 177번길 21 1층 ,,2022-12-01 오후 01:13:28
0945,(주)씨앤씨테크,전북 전주시 덕진구 원고랑1길 35 ,,2022-12-01 오후 01:13:28
0946,씨앤테크,경기도 포천시 내촌면 포천로427번길 14-3,https://cntech-heater.com/products/,2022-12-01 오후 01:13:28
0947,(주)씨엔엘,"강원 원주시 흥업면 연세대길1, 창업보육센터 3-304 ",,2022-12-01 오후 01:13:28
0949,(주)씨엔티,광주 광역시 광산구 손재로376-13,www.cntcorea.com/product.php,2022-12-01 오후 01:13:28
0950,씨이에스(주),"전북 전주시 덕진구 기린대로 886, 효성탄소센터 209호 ",www.ecarbon.co.kr/,2022-12-01 오후 01:13:28
0953,아강농업기계개발,대구 북구 노원3동 1057번지 북구창업보육센터 204호,akang.koreasme.com/,2022-12-01 오후 01:13:28
0954,아강(주),경북 경산시 압량면 의송길 135 ,akangasia.com/product01.htm,2022-12-01 오후 01:13:28
0955,아그텍(주),전북 김제시 대동공단1길 41,www.ag-tech.co.kr,2022-12-01 오후 01:13:28
0956,아름농기계,대구시 북구 산격동 종합유통단지 산업용재관 19동 7호 아름농기계,www.areumfarm.co.kr/,2022-12-01 오후 01:13:28
0957,아리테크,경기도 안양시 동안구 관양동 799번지 안양메가벨리 826호,www.aritech.co.kr/public_html/index.php?module=Html&action=SiteComp&sSubNo=1,2022-12-01 오후 01:13:28
0958,(주)아반트코리아,"경기 시흥시 서해안로 242, 시화하이테크 107호 ",,2022-12-01 오후 01:13:28
0959,(주)아사바태화,[39872]경북 칠곡군 왜관읍 매원새마길20-6,www.asaba.co.kr/default/,2022-12-01 오후 01:13:28
0961,(주)아산,경기도 안산시 단원구 신길도 1080-5,www.asaner.co.kr/,2022-12-01 오후 01:13:28
0964,(주)아성정공,대구 달서구 성서동로53안길 43 ,www.aspi.co.kr/kr/index.htm,2022-12-01 오후 01:13:28
0965,아세아기계산업,경북 경산시 남천면 경청로 376-7번지,www.asiamachine.co.kr/,2022-12-01 오후 01:13:28
0966,아세아농기계,경북 성주군 성주읍 심산로 68 ,,2022-12-01 오후 01:13:28
0967,아세아종합기계(주),인천광역시 미추홀구 방축로 190(도화동 765-16),www.asia8949.com/,2022-12-01 오후 01:13:28
0969,(주)아세아텍,달성군 달성군 유가면 비슬로96길 11 ,www.asiakor.com/,2022-12-01 오후 01:13:28
0970,아스텍(주),경남 창원시 성산구 성주로 77,asteci.co.kr/,2022-12-01 오후 01:13:28
0971,아신산업,대구 달성군 화원읍 비슬로487길 55-1 ,ah-shin.com/,2022-12-01 오후 01:13:28
0972,아이디알시스템(주),"대구광역시 달서구 달서대로91길 35, 나동 204호(호림동)",idealsys.co.kr/,2022-12-01 오후 01:13:28
0973,아이런모터스(주),"충청남도 천안시 백석동 555-39 충청남도,  아산시,  대한민국",https://1652-kr.all.biz/,2022-12-01 오후 01:13:28
0975,아이앤지산업(주),"(57782) 전라남도 광양시 중마용소1길 5, (중동) 상가동 206호",www.ingindustry.co.kr/home/main.php,2022-12-01 오후 01:13:28
0976,아이엔에이치(주),전남 해남군 계곡면 용계길 89-46,www.intria.co.kr/,2022-12-01 오후 01:13:28
0977,아이지에스피(주),"대구광역시 달서구 달서대로91길 35, 나동 204호(호림동)",www.idealsys.co.kr/,2022-12-01 오후 01:13:28
0978,아주엠씨엠(주),"경북 구미시 4공단로 325, 1동 ",www.ajumcm.com/,2022-12-01 오후 01:13:28
0979,아진테크(주),충북 진천군 이월면 장수로 489-15 ,ajintech.co.kr/wp/,2022-12-01 오후 01:13:28
0980,(주)아크웨이브솔루션스코리아,"서울 구로구 디지털로 31길 53, 9층 913호 ",www.arkwave.co.kr,2022-12-01 오후 01:13:28
0983,(주)아폴로," 22, Cheoyong-ro 487beon-gil, Nam-gu, Ulsan, 44784, Korea",www.apollokorea.com/,2022-12-01 오후 01:13:28
0985,안성공업(주),경기 안성군 미양면 협동단지길 15 ,www.ansung.co.kr/,2022-12-01 오후 01:13:28
0986,안성로우더,경기도 안성시 미양면 제2공단5길 58 안성로우더(미양면),www.ansungloader.com/,2022-12-01 오후 01:13:28
0987,안성티에마(주),경기도 안성시 보개면 남사당로 278-1,www.tiema.co.kr/,2022-12-01 오후 01:13:28
0988,알파기업,제주 서귀포시 칠십리로533번길 234 ,www.alphacompany.kr/,2022-12-01 오후 01:13:28
0989,알파(주),전북 익산시 낭산면 낭산농공단지길 30 ,,2022-12-01 오후 01:13:28
0990,(주)애그리로보텍,경기 이천시 부발읍 신아로 58 ,www.agrirobotech.co.kr/main.do,2022-12-01 오후 01:13:28
0991,애니콜삼성농기,대구광역시 북구 노원로 153 (노원동3가),https://blog.yeogie.com/anycall/,2022-12-01 오후 01:13:28
0992,애니핫(주),경남 김해시 장유로 116번길 44-86,www.anyhot.net/,2022-12-01 오후 01:13:28
0993,앤아이티코리아,"경기도 성남시 중원구 사기막골로 62번길(상대원동 223-25) 스타타워 701호, 702호",www.nitkorea.com/index_kor.php,2022-12-01 오후 01:13:28
0994,(주)앨비,27644 충청북도 음성군 금왕읍 신내로 482 (본대리 148-14),https://trecar.co.kr/,2022-12-01 오후 01:13:29
0995,얀마농기코리아(주),전북 익산시 왕궁면 왕궁농공단지길 38 ,https://www.yanmar.com/kr/,2022-12-01 오후 01:13:29
0996,어니컴(주),서울특별시 용산구 두텁바위로 21 어니컴빌딩,www.onycom.com/main.do,2022-12-01 오후 01:13:29
0999,(주)에너셀코리아,경북 칠곡군 약목면 복성 15길 34 ,,2022-12-01 오후 01:13:29
1000,에너스마텍,대전 동구 이사로 110-6(이사동) ,,2022-12-01 오후 01:13:29
1001,에너지코리아(주),인천광역시 강화군 강화읍 해안북로 91 (용정리 1048-1),https://www.sunjoy.co.kr/,2022-12-01 오후 01:13:29
1002,에너지하우스(주),대전광역시 대덕구 오정동 302-8,energy.egluon.co.kr/,2022-12-01 오후 01:13:29
1005,에셀,경기 화성시 팔탄면 버들로 1318번길 22-14 ,,2022-12-01 오후 01:13:29
1006,에스디보일러(주),"부산 사상구 광장로 20번길 58-16, 303호 ",,2022-12-01 오후 01:13:29
1007,피에스디중공업(주),전북 김제시 백구면 백구공단1길 39,www.sdgg.co.kr/,2022-12-01 오후 01:13:29
1010,에스비이앤이,"인천 서구 정서진로 410, 환경산업연구단지A동401호, 402호",www.sbene.co.kr/kor/,2022-12-01 오후 01:13:29
1012,에스엔에스,인천광역시 남동구 남동대로 428(남촌동),https://www.stnsp.com/default/,2022-12-01 오후 01:13:29
1013,(주)에스엔피시스템,충북 청주시 청원구 내수읍 도원세교로59-35 ,https://snpsystem.net/,2022-12-01 오후 01:13:29
1015,(주)에스엠무역,광주 서구 매월2로 53 26동 101호 ,www.smtrade.co.kr/,2022-12-01 오후 01:13:29
1016,(주)에스엠뿌레,광주 광산구 진곡산단 중앙로 259 ,www.222sm.kr/new2011/,2022-12-01 오후 01:13:29
1018,에스엠이엔지(주),충청남도 천안시 서북구 4산단로 64,www.smenv.com/#,2022-12-01 오후 01:13:29
1019,에스엠티,경기 수원시 권선구 산업로92번길 76(고색동),www.smtcore.com/bbs/board.php?bo_table=b1,2022-12-01 오후 01:13:29
1020,에스원에너지(주),"강원도 원주시 무실본동길 54(무실동,3층)",s1energy.co.kr/,2022-12-01 오후 01:13:29
1021,에스제이티(주),부산광역시 남구 천제등로 56-16,sjtboiler.com/default/,2022-12-01 오후 01:13:29
1022,에스지티(주),전남 순천시 해룡면 율촌산단1로 80-38 (SGT),xn--ij1b50tbpdn4e83w.kr/,2022-12-01 오후 01:13:29
1024,에스티에스프로바이더(주),"서울 서초구 남부순환로 2583, 19층 (서초동, 서희타워), South Korea",www.stsp.co.kr,2022-12-01 오후 01:13:29
1025,(주)에어콤,전남 영암군 영암읍 낭주로 281 ,,2022-12-01 오후 01:13:29
1026,(주)에이멕스,경기 안산시 단원구 엠티브이 4로 18(옥내동) ,www.a-mecs.com/,2022-12-01 오후 01:13:29
1028,에이스원(주),광주광역시 광산구 진곡산단5번로 43-3 (진곡동),iaceone.co.kr/bbs/content.php?co_id=wire_harness,2022-12-01 오후 01:13:29
1030,에이엔디전자저울(주),서울 영등포구 국제금융로6길 33,andk.co.kr/main/,2022-12-01 오후 01:13:29
1031,에이원컴퍼니(주),서울특별시 강남구 봉은사로 37길 22. 2층,https://www.a1company.net/,2022-12-01 오후 01:13:29
1032,에이월드농기계농자재할인마트,40047 경상북도 성주군 선남면 성주로 4054-4,awm.co.kr/,2022-12-01 오후 01:13:29
1034,(주)에이취.엔.피,충북 음성군 대소면 한삼로 150-10 ,www.hnplant.com/,2022-12-01 오후 01:13:29
1035,에이치아이테크,경기도 화성시 정남면 보통리 624-4,www.hitech.dwebs1.kr/docs/sub01/greetings,2022-12-01 오후 01:13:29
1036,(주)에이치에스엠,충남 천안시 동남구 성남면 성남로 343-18 ,www.hsmforest.com/sub21_1.php,2022-12-01 오후 01:13:29
1037,에이치에스테크,부산광역시 강서구 과학산단2로 3번길 56(지사동),hstechco.com/,2022-12-01 오후 01:13:29
1038,에이치에스텍(주),경상남도 김해시 상동면 상동로 608-13,hs-t.co.kr/,2022-12-01 오후 01:13:29
1040,(주)에이치제이나인,부산 강서구 공항로767번다길 30-4,www.xn--910bj61b99aav59gg33a.kr/,2022-12-01 오후 01:13:29
1041,에이치티(주),대전광역시 유성구 대학로 99 충남대학교 산학연교육연구관 805호,www.ht-wood.co.kr/,2022-12-01 오후 01:13:29
1042,에이케이테크,경기 김포시 양촌읍 구래로 75-8 ,,2022-12-01 오후 01:13:29
1043,에이텍에스앤에스(주),445-941 화성 화성시 장안면 무봉 길 166-13 (석포리 558-21),www.atechsns.com/kor/,2022-12-01 오후 01:13:29
1045,(주)에코그린테크,인천 서구 가현산로 46번 안길 64 ,,2022-12-01 오후 01:13:29
1048,(주)에코솔라텍,경남 진주시 진성면 동부로 1259번길 25-19 ,www.ecosolatec.com/main/page.html?pid=3,2022-12-01 오후 01:13:29
1049,에코에너지,경남 창녕군 영산면 서리길2 ,,2022-12-01 오후 01:13:29
1052,(주)에코패스," 충청남도 천안시 서북구 입장면 연곡길 144, 가동",ecopath.co.kr/main/,2022-12-01 오후 01:13:29
1053,에코프로이노베이션(주),충청북도 청주시 청원구 오창읍 2산단로 100 (송대리 329),https://www.ecopro.co.kr/sub01010504,2022-12-01 오후 01:13:29
1054,에코프론트(주),경기도 포천시 가산면 시우동길 162 ,https://ecofront.modoo.at/,2022-12-01 오후 01:13:29
1055,(주)에코피앤디,서울시 광진구 아차산로378(자양동216-10) 한승빌딩 3층 324호,www.ecopnd.com/,2022-12-01 오후 01:13:29
1056,(주)에프피코리아,경기 화성시 마도면 마도로 747-4 ,www.fpkorea.net/default/main.php,2022-12-01 오후 01:13:29
1057,엑사이엔씨(주),서울시 구로구 디지털로 288 대륭포스트타워 1차 15층,www.exaenc.com/,2022-12-01 오후 01:13:29
1058,엑셀코리아(주),"경기 화성시 삼성1로 160, 401호",https://www.axcelis.com/,2022-12-01 오후 01:13:29
1059,엔비코(주),"서울 금천구 가산디지털1로 128, 306호 (가산동, 에스티엑스브이타워)",www.envico.co.kr/,2022-12-01 오후 01:13:29
1060,(주)엔에스테크,경남 김해시 상동면 동북로473번길 133 ,www.xn--9t4b11dla469h85a.kr/,2022-12-01 오후 01:13:29
1062,엔코텍(주),"경기도 파주시 경의로 1803, 305호",eect.kr/,2022-12-01 오후 01:13:29
1063,(주)엔테크,경북 경주시 외동읍 제내못안길 1-70 ,,2022-12-01 오후 01:13:29
1064,엔티씨(주),울산광역시 울주군 두서면 전읍농공길 1-28 (전읍리 1385-2),www.ntc7.net/kr/product/page1.php,2022-12-01 오후 01:13:29
1065,엔티이코리아(주),경남 산청군 금서면 친환경로 2461번지,www.ntkorea.kr/,2022-12-01 오후 01:13:29
1066,엔피크(주),경기도 성남시 중원구 갈마치로 302 우림라이온스밸리 5차 B동 1102호,npeak.co.kr/,2022-12-01 오후 01:13:29
1067,(주)엘디,경기 화성시 남양읍 주석로 296-9 ,www.ld-fan.co.kr/sub_product/prod_main.php?cate=0001_,2022-12-01 오후 01:13:29
1068,엘림산업(주),충북 옥천군 옥천읍 지용로 192,elim.blue/,2022-12-01 오후 01:13:29
1070,엘앤에스(주),광주 광산구 진곡산단3번로 41-27 ,,2022-12-01 오후 01:13:29
1071,엘에스엠트론(주),경기도 안양시 동안구 엘에스로 127 LS타워 11층,https://www.lsmtron.co.kr/page/productMain.asp?naviId=s01,2022-12-01 오후 01:13:29
1072,엘지전선(주),경기도 안양시 동안구 LS로 127 LS타워 12~17층 Tel. 02-2189-9114,https://www.lscns.co.kr/kr/main.asp,2022-12-01 오후 01:13:29
1073,엘지전자(주),서울시 영등포구 여의대로 128 LG트윈타워,https://www.lge.co.kr/,2022-12-01 오후 01:13:29
1075,엘피산전,경기도 포천시 군내면 용정경제로 1길 94-23,www.jlpcable.co.kr/default/,2022-12-01 오후 01:13:29
1076,(주)엠.티.에스,경상남도 김해시 진영읍 하계로 240번길 99 하계농공단지,www.mtssys.co.kr/,2022-12-01 오후 01:13:29
1077,엠디산업(주),경상북도 성주군 성주읍 성주산업단지로 50,www.mdindustry.co.kr/sub/bbs.php,2022-12-01 오후 01:13:29
1078,엠아이티(주),울산광역시 남구 테크노산업로55번길 16 조선해양 하이테크타운 603호 604호,magicit.co.kr/,2022-12-01 오후 01:13:29
1080,엠에스팜,대구 달성군 논공읍 농공공단1길 65-30 ,,2022-12-01 오후 01:13:29
1084,(주)엠제이테크,경북 칠곡군 지천면 지천로 372 ,sungjin2.bizdaara.com/company.html,2022-12-01 오후 01:13:29
1085,(주)엠지텍,부산 강서구 봉림길 42-2 ,www.mgtech.kr/,2022-12-01 오후 01:13:29
1087,엠텍(주),충남 당진시 송산면 당산1로 11,www.mtech.co.kr/common/?code=C1_300_100,2022-12-01 오후 01:13:29
1088,엠티씨(주),경기도 이천시 단월로 110,www.mtcinc.kr/products/product_01.php,2022-12-01 오후 01:13:29
1089,(주)엠티티,"대전 유성구 테크노3로 65, 한신에스메카 439호 ",mttkor.com,2022-12-01 오후 01:13:29
1090,엠파인(주),인천 연수구 송도동 7-26,www.mpine.co.kr/,2022-12-01 오후 01:13:29
1092,열나노보일러,경상남도 밀양시 부북면 제대리 262-3 ,https://10nano.modoo.at/,2022-12-01 오후 01:13:29
1093,영광하이텍,경남 밀양시 무안면 사명대사생가로 114 ,,2022-12-01 오후 01:13:29
1094,영남기계,경북 성주군 선남면 도성리 선노로 79-19 ,www.xn--ok0bv0cp9owlcnwq.com/,2022-12-01 오후 01:13:29
1098,(주)영동농기계,경북 안동시 풍산읍 산업단지 6길 56 ,www.ydatm.co.kr/,2022-12-01 오후 01:13:29
1099,영동농기구제작소,경북 안동시 용상동 527번지(우편번호: 760-010),ydatm.koreasme.com/,2022-12-01 오후 01:13:29
1100,영성산업,경기도 화성시 장안면 황골길46번길 60-73,www.youngseong.kr/,2022-12-01 오후 01:13:29
1101,(주)영성위아,경북 경산시 압량읍 강골길 21 ,,2022-12-01 오후 01:13:29
1102,(유)영신,전북 정읍시 하북동 866-3,www.young-sin.co.kr/,2022-12-01 오후 01:13:29
1103,영신농기계,경북 문경시 영순면 영순로 141 ,www.ysfm.co.kr/,2022-12-01 오후 01:13:29
1104,영신정공,경상북도 경주시 천북면 모아오야길 156,ys-kr.com/bbs/content.php?co_id=product,2022-12-01 오후 01:13:29
1105,영우엔지니어링,"경기 화성시 동탄기흥로 559(영천동, 으뜸U테크밸리 9층)",youngwooeng.com/,2022-12-01 오후 01:13:29
1107,영진금속(주),경기도 화성시 비봉면 화성로 1616번길 57-15,www.ymec.co.kr/product.html,2022-12-01 오후 01:13:29
1108,영진기계(주),경남 창녕군 창녕읍 창녕공단길40 ,www.youngjinrotary.co.kr/website/,2022-12-01 오후 01:13:29
1111,영흥분무기,경상북도 영천시 성내동 179-11 (서문길48),https://youngheung88.modoo.at/,2022-12-01 오후 01:13:29
1112,예손건드릴,전북 익산시 석암로1길 17-25,www.gundrill.kr/,2022-12-01 오후 01:13:29
1113,예찬코리아,경남 창녕군 장마면 창녕장마로 427,https://www.sanmall.biz/,2022-12-01 오후 01:13:29
1116,(주)오리온코리아,경기도 평택시 산단로 63-9 (모곡동 436-2 송탄공장 6B/8L),https://www.orionkorea.co.kr/ko,2022-12-01 오후 01:13:29
1119,오성실업,경기도 고양시 일산구 백석동 1141-1 일산테크노타운 515호,www.ohsung.net/,2022-12-01 오후 01:13:29
1121,오성일렉트로닉,경기 파주시 조리읍 잔모래길 247 ,,2022-12-01 오후 01:13:29
1126,(주)오엠지글로벌,경기 남양주시 진건읍 진건오남로 390번길 169-43 ,,2022-12-01 오후 01:13:29
1128,오케이냉동,전북 전주시 완산구 태진로 62 ,www.okref.co.kr/,2022-12-01 오후 01:13:29
1129,(주)오케이팜,경기 이천시 백사면 이여로 445 ,https://okfarmm.modoo.at/,2022-12-01 오후 01:13:29
1130,오텍캐리어냉장(유),"서울특별시 영등포구 국제금융로 10, Two IFC, 11층",www.carrier.co.kr/carrierref/index.asp,2022-12-01 오후 01:13:29
1131,오텍캐리어(주),광주광역시 광산구 하남대로 146,www.carrier.co.kr/index.asp,2022-12-01 오후 01:13:29
1132,(주)오토월드,충북 청주시 청원구 내수읍 마산길 54 ,www.aw-dji.com/shop/main/index.php,2022-12-01 오후 01:13:29
1133,오투뱅크(주),"광주 광산구 하남산단천변좌로 19, 102(오선동,드림파크) ",,2022-12-01 오후 01:13:29
1134,오페(주),경남 함안군 칠북면 화천길 289-1 ,ofe.co.kr/,2022-12-01 오후 01:13:29
1135,옥시테라피(주),"경기도 수원시 팔달구 인계로94번길 21 (인계동 1020-1,수일빌딩) 401호",www.sterile.kr,2022-12-01 오후 01:13:29
1136,옥천냉동,충북 옥천군 옥천읍 옥천동이로 317 ,,2022-12-01 오후 01:13:29
1137,옥토기계,충남 부여군 장암면 석동로 56,www.xn--989az0ax93c5pk.kr/,2022-12-01 오후 01:13:29
1138,(주)온누리기계,경북 영천시 대창면 영지길 30-11 ,www.onnury.co.kr/,2022-12-01 오후 01:13:29
1139,올레이엔지(주),경상북도 성주군 성주읍 주산로 46-4 (예산리) (우)06336,olleheng.ewebstory.com/,2022-12-01 오후 01:13:29
1142,(주)와이제이솔루션,경남 함안군 군북면 함안산단3길 40 ,www.yjsolution.co.kr/html/main.html,2022-12-01 오후 01:13:29
1143,와이제이시스템,서울시 금천구 가마산로 96 대륭테크노타운8차 1404호,www.yjsystem.biz/default/,2022-12-01 오후 01:13:29
1144,(주)와이케이건기,"서울 금천구 두산로 70, B동 1602호 ",www.sunnyyk.co.kr/,2022-12-01 오후 01:13:29
1146,와이케이테크,"경기도 안양시 만안구 전파로 30 B254호(유천팩토피아, 안양동 196번지)",www.yktech.net/,2022-12-01 오후 01:13:29
1147,와이텍,"충남 천안시 동남구 병천면 충절로1600, 101,201호 ",,2022-12-01 오후 01:13:29
1150,왜트에너지테크,서울특별시 강남구 선릉로145길 5 301-1호(논현동) (우 : 06056),https://smartstore.naver.com/wetenrgy/profile,2022-12-01 오후 01:13:29
1151,용성공업(주),서울 성동구 성수이로7가길 3 ,ysind.co.kr/,2022-12-01 오후 01:13:29
1153,용진산업,경기도 용인시 처인구 모현면 파담로 29-8(17036),yongjinpacking.com/rb/?m=bbs&bid=estimate&mod=write,2022-12-01 오후 01:13:29
1154,용진테크(주),경기도 평택시 청북면 한산리 12번지,www.yongjintech.co.kr,2022-12-01 오후 01:13:29
1155,용화기계,전북 군산시 대야면 만경로 1589-3 ,,2022-12-01 오후 01:13:29
1156,용화기계산업(주),부산광역시 사상구 사상로 431 (모라동),https://blog.yeogie.com/khanyd/,2022-12-01 오후 01:13:29
1159,우리농기계,경북 군위군 효령면 경북대로 2613 우리농기계,https://morina.tistory.com/,2022-12-01 오후 01:13:29
1161,우리산업,경기도 평택시 포승읍 포승남로 317,www.woory.com/,2022-12-01 오후 01:13:29
1162,우리아스코,충남 아산시 신창면 행목로 163 ,www.wooriasco.net,2022-12-01 오후 01:13:29
1163,(주)우리원에너지,대전 유성구 테크노1로 75 101호(관평동) ,www.e-urione.com/,2022-12-01 오후 01:13:29
1164,우리정공(주),경기도 용인시 처인구 이동읍 중덕로 22 우리정공 주식회사ㅇ,https://wrjk20.com/,2022-12-01 오후 01:13:29
1167,우림상사,경기 부천시 석천로 397 202동 205호,https://blog.naver.com/urim_mgr,2022-12-01 오후 01:13:29
1169,우성난방,천안 동남구 수신면 박산 1길 199-50,woosungfb.com/default/03/01.php,2022-12-01 오후 01:13:29
1170,(주)우성에너텍,경남 김해시 한림면 김해대로 1499번길 26-25 ,,2022-12-01 오후 01:13:29
1171,우성에이스(주),인천광역시 서구 도담4로 19,www.woosungace.com/,2022-12-01 오후 01:13:29
1172,(유)우성엔지니어링,전북 전북 완주군 삼례읍 삼봉로 335 ,www.woosungeng.kr/,2022-12-01 오후 01:13:29
1175,우성전자CO,경북 안동시 남선면 농공단지길 44 ,,2022-12-01 오후 01:13:29
1176,우성전자테크(주),"경기 성남시 분당구 판교로 744, C동 507호(야탑동, 분당테크노파크)",www.woosungele.co.kr/,2022-12-01 오후 01:13:29
1177,우성정공(주),경남 진주시 진성면 동부로1259번길 54 ,wspind.co.kr,2022-12-01 오후 01:13:29
1178,우성하이테크,경북 칠곡군 석적읍 포남2길 43-23 ,,2022-12-01 오후 01:13:29
1180,(주)우성하이텍,경남 양산시 동면 양산대로 446 ,www.wsh.co.kr,2022-12-01 오후 01:13:29
1181,(주)우신이엔지,경기 화성시 향남읍 우등길 40 ,www.wooshineng.co.kr/,2022-12-01 오후 01:13:29
1182,우암신소재(주),경기도 안성시 미양면 강덕1길 138-6,www.wooamsp.co.kr/,2022-12-01 오후 01:13:29
1183,우양산기(주),경기도 시흥시 엠티브이25로 20번길 27(정왕동),www.wysg.co.kr/main.html?retRef=Y&source=https://www.google.com/,2022-12-01 오후 01:13:29
1184,우일산업(주),경기 김포시 대서명로 64 ,www.wooil77.co.kr,2022-12-01 오후 01:13:29
1187,우주이엔지,경기도 김포시 통진읍 서암고정로 96-14,https://woojoo-eng.kr/,2022-12-01 오후 01:13:29
1189,우진공업,대구 북구 검단로27길 72 ,www.woojinlaser.com,2022-12-01 오후 01:13:29
1190,(주)우진산업,경기 고양시 일산서구 덕산로 121번길 19 ,kwoojin.com/,2022-12-01 오후 01:13:29
1191,우창기계,대구광역시 달서구 성서공단로332-7,woochangsm.com/,2022-12-01 오후 01:13:29
1192,우창통상(주),서울시 서초구 양재동 82-11번지 한성빌딩 2층 ,wct.co.kr/,2022-12-01 오후 01:13:29
1195,(주)웅비기계,충남 천안시 동남구 성남면 대흥1길218-45 ,www.woongbi21.co.kr/,2022-12-01 오후 01:13:29
1196,웅지종합상사,경남 사천시 축동면 오리동길 30 ,www.xn--vf4bnb302ah0b82b098a.xn--3e0b707e/imsi/sample_auto/index.html?nums=227,2022-12-01 오후 01:13:29
1197,(유)웅진기계,전북 김제시 만경읍 만경공단 2길 33 ,www.woongjinagm.com/,2022-12-01 오후 01:13:29
1199,웅진농기계,전북 김제시 만경읍 만경공단 2길 33,www.woongjinagm.com/,2022-12-01 오후 01:13:29
1200,워터링크,경기 평택시 새말로27번길 179-4 ,waterlink.co.kr/,2022-12-01 오후 01:13:29
1202,원광산업,세종 전동면 세종로 3256 ,,2022-12-01 오후 01:13:29
1203,원대정밀,대구 서구 와룡로 350 ,www.wondae.co.kr,2022-12-01 오후 01:13:29
1204,원발효산업,경기도 이천시 대월면 대월로 713,www.wonbalhyo.co.kr/,2022-12-01 오후 01:13:29
1209,(주)원인터내셔널,경기 안성시 양성면 만세로 726-21 ,www.wonitl.com/,2022-12-01 오후 01:13:29
1210,원주산업,경기도 안산시 단원구 동산로 27번길 99,powerbar.or.kr/gb/,2022-12-01 오후 01:13:29
1211,원진콘베이어,대구 중구 서성로 88-13 ,,2022-12-01 오후 01:13:29
1213,(주)규원테크,경북 경산시 남산면 송내공단길 73 ,www.kyuwontech.co.kr/,2022-12-01 오후 01:13:29
1215,(주)월드썬,충남 아산시 음봉면 연암율금로 295번길 32-14 ,,2022-12-01 오후 01:13:29
1216,월드에너지(주),경상북도 문경시 가은읍 가은공단길 97,worldenergy.co.kr/,2022-12-01 오후 01:13:29
1220,웰플러스,"대전 서구 관저북로13번길 14, 관저프라자 502호 ",www.well-plus.co.kr/,2022-12-01 오후 01:13:29
1222,위캔글로벌(주),전북 흥산시 낭산면 낭산농장지길 16,https://wecan21.com/,2022-12-01 오후 01:13:29
1224,윌로펌프(주),부산 강서구 미음산단 1로 46 ,https://wilo.com/kr/ko/,2022-12-01 오후 01:13:29
1225,(주)유니이노베이션,경기 부천시 원미구 부일로 233번길 19 금강빌딩 302호 ,,2022-12-01 오후 01:13:29
1227,(주)유니크대성,서울 중구 마장로 95 2층 ,,2022-12-01 오후 01:13:29
1228,유라통상(주),서울 구로구 디지털로26길 110 603호 ,www.yurah.co.kr/,2022-12-01 오후 01:13:29
1229,(주)유림기계,경북 경산시 진량읍 금박로 476 ,www.yulim-mc.com/contents/main/,2022-12-01 오후 01:13:29
1232,유영기계(주),세종 조치원읍 봉산로 243 ,,2022-12-01 오후 01:13:29
1235,(주)유원산업,"충남 천안시 성거읍 봉주로 209-3, 1동 ",www.uone79.com/,2022-12-01 오후 01:13:29
1236,(유)유일,전남 함평군 학교면 영산로 3757 ,www.yuil.net/,2022-12-01 오후 01:13:29
1237,유진산업,경기 수원시 장안구 장안로 113 ,,2022-12-01 오후 01:13:29
1238,(주)유진콘트롤즈,경기 용인시 처인구 양지면 중부대로 2670번길 16 ,,2022-12-01 오후 01:13:29
1239,유창하이텍,서울시 영등포구 버드나루로 50,www.ybsworld.com/home/,2022-12-01 오후 01:13:29
1241,유콘시스템(주),대전 유성구 테크노2로 40-9 ,https://www.uconsystem.com/index.asp,2022-12-01 오후 01:13:29
1243,유한회사 성원산업,전북 남원시 쑥고개로 92 ,www.성원산업.kr/,2022-12-01 오후 01:13:29
1246,(주)으뜸산업,경기 충북 음성군 감곡면 가곡로 407 ,deboiler.co.kr/,2022-12-01 오후 01:13:29
1247,(주)은성냉동산업,경기 남양주시 진건읍 진건오남로390번길 169-50 ,unseoung.com/,2022-12-01 오후 01:13:29
1249,(주)은성테크,충북 옥천군 군서면 성왕로 370-26 ,,2022-12-01 오후 01:13:29
1252,(주)뉴이노테크,"대전 대덕구 대화로 135, C동 207호 ",,2022-12-01 오후 01:13:29
1253,(주)이노팜,경남 경남 김해시 주촌면 서부로 1474-88 ,www.innofarm.kr/kor/main/main.html,2022-12-01 오후 01:13:29
1254,(주)이레아이에스,"강원 강릉시 경강로 2326번길 4, 203호 ",ireis.co.kr/,2022-12-01 오후 01:13:29
1256,이룸테크,경북 김천시 어모면 다남로 13 ,,2022-12-01 오후 01:13:29
1257,이삭ENG,경기 양주시 광적면 광적로 326번길 159-15 ,,2022-12-01 오후 01:13:29
1259,이스덤(주),경기도 화성시 향남읍 서봉로 468-25,esdom.co.kr/,2022-12-01 오후 01:13:29
1261,이에스코리아,경기도 고양시 일산동구 장항동 757 경기벤쳐 B/D 고양센터 508호 ,https://eskorea1.modoo.at/,2022-12-01 오후 01:13:29
1262,(주)이엔비에스,"경기 파주시 광탄면 장지산로 141번길 70, 나동 ",,2022-12-01 오후 01:13:29
1263,(주)이오기술,경기 광주시 도척면 저수지길 30-78 ,eo-tech.kr/,2022-12-01 오후 01:13:29
1264,(주)이오렉스,서울특별시 영등포구 국회대로 74길 20,https://www.iorex.co.kr/#,2022-12-01 오후 01:13:29
1265,(주)하이온코리아,경기 수원시 장안구 창룡대로 205,,2022-12-01 오후 01:13:29
1266,이젠365(유),전북 전주시 덕진구 유상로 67 전주첨단기계벤처단지 7동,www.ezen365.com/,2022-12-01 오후 01:13:29
1267,이지농스프링쿨러,제주 제주시 애월읍 엄수로 131-31 ,es8282.com/,2022-12-01 오후 01:13:29
1270,이천산업,경북 칠곡군 동명면 남원로 23 ,www.i2000.co.kr/,2022-12-01 오후 01:13:29
1271,(주)이천종합농기계,전북 익산시 번영로 2025-96 ,www.echun.co.kr/product/?AT=2&SELECTED=4&SEQ=11&SOPT=1,2022-12-01 오후 01:13:29
1272,이텍산업(주),세종특별자치시 연동면 명학산단 남로 62,retech.kr/,2022-12-01 오후 01:13:29
1273,(주)선일아이티씨,경기도 남양주시 진접읍 경복대로 212번길 44,www.sunilitc.co.kr/,2022-12-01 오후 01:13:29
1274,이화산업사,경북 칠곡군 왜관읍 2산업단지 3길 22-23 ,www.lee-hwa.co.kr/,2022-12-01 오후 01:13:29
1275,이화통상,경북 경산시 와촌면 와천동길 492 ,,2022-12-01 오후 01:13:29
1276,(주)이화폴리텍,전라남도 나주시 남평읍 남평향교길 105,leehwa.kr/index.php,2022-12-01 오후 01:13:29
1277,익산농기계,전북 익산시 왕궁면 쌍제1길 62 ,www.iksanfm.com/,2022-12-01 오후 01:13:29
1279,인성산업(주),충남 금산군 추부면 분턱골길 25,www.gelcoat.co.kr/kor/main/index.html,2022-12-01 오후 01:13:29
1280,인우코퍼레이션(주),"서울특별시 송파구 충민로 66, 테크노관동 9층 9022호",www.inwoocorp.co.kr/,2022-12-01 오후 01:13:29
1282,인터바이오(주),경기도 평택시 오성면 죽3리길,dmonster1120.cafe24.com/,2022-12-01 오후 01:13:29
1284,인터히트(주),경기도 성남시 분당구 황새울로 200번길 9-7,interheat.com/wp/,2022-12-01 오후 01:13:29
1288,일성공업, 경상북도 구미시 1공단로7길 58-27,www.ilsungmc.com/,2022-12-01 오후 01:13:29
1289,일성기계,충남 아산시 둔포면 아산밸리동로 89 ,,2022-12-01 오후 01:13:29
1290,일성농기계,충남 아산시 둔포면 아산밸리 동로 89,ilseong.planw.kr/,2022-12-01 오후 01:13:29
1291,(주)일성테크, 인천광역시 계양구 서운산단로5길 19,https://ilsungtech.kr/,2022-12-01 오후 01:13:29
1292,일손개발(주),전북 익산시 오산면 신석길 14-16,illson.co.kr/,2022-12-01 오후 01:13:29
1296,일쌍산업영농조합법인,전남 장흥군 장흥읍 상리길 19 ,,2022-12-01 오후 01:13:29
1298,일암(주),경기도 시흥시 무지내동 275 ,www.ilam.co.kr/,2022-12-01 오후 01:13:29
1300,(주)일양오피오,경기 광주시 오포읍 왕림로 161 ,www.okopo.com/web/home.php,2022-12-01 오후 01:13:29
1302,일진농축산기계,대구 서구 북비산로75길 18-15 (비산동),iljin.machineyh.co.kr/cafe/skin_5/case.mc?fv=201&uid=89139,2022-12-01 오후 01:13:29
1303,일진이플러스(주), 경상남도 김해시 한림면 김해대로1499번길 26-28 ,iljineplus.bizdaara.com/index.html?cid=iljineplus,2022-12-01 오후 01:13:29
1306,임마뉴엘(주),"전남 화순군 한천면 모산리 234, 1층 ",,2022-12-01 오후 01:13:29
1307,잉가솔랜드코리아(주),서울특별시 마포구 월드컵북로 56길 12(상암동) 트루텍빌팅 10층 ,https://irco.co.kr/,2022-12-01 오후 01:13:29
1309,자연초건조(주),서울특별시 동대문구 제기동 1173번지 2층,jherb.com/,2022-12-01 오후 01:13:29
1311,자운시스템,대구 북구 팔달로 41길 118 ,,2022-12-01 오후 01:13:29
1313,장남농기구,경기 연천군 장남면 원당리 92-10 ,,2022-12-01 오후 01:13:29
1314,장수이엔지(주),경기도 포천시 내촌면 음고개길 89-35,https://jsueng.modoo.at/,2022-12-01 오후 01:13:29
1316,장수테크,경기 화성시 정남면 계향남길 22 ,www.xn--ok0bx81arybw22acic.kr/,2022-12-01 오후 01:13:29
1317,장우(주),부산광역시 기장군 정관읍 예림2길 36,www.jangwoo.com/main/main.aspx,2022-12-01 오후 01:13:30
1318,(주)장자동화,충북 청주시 상당구 낭성면 단재로 2004 ,www.jangauto.com,2022-12-01 오후 01:13:30
1319,재융공업,충남 천안시 서북구 직산읍 천안대로 1699 ,www.jaeyoong.co.kr,2022-12-01 오후 01:13:30
1321,재인텍,전북 김제시 순백2길 172 ,,2022-12-01 오후 01:13:30
1322,전진산업,경북 고령군 성산면 봉곡길 70 ,www.jeonjin.kr/kor/index.htm,2022-12-01 오후 01:13:30
1325,정안산업,경북 칠곡군 가산면 학신로 165-49 ,,2022-12-01 오후 01:13:30
1326,정우공업사,충남 당진시 합덕읍 덕평로 534 ,https://jeongwoo1756.modoo.at/,2022-12-01 오후 01:13:30
1327,정우기계,대구 북구 팔달북로60-5 ,https://jwmachine.modoo.at/,2022-12-01 오후 01:13:30
1328,정우테크,제주 서귀포시 중산간동로 7884 ,jwtek.co.kr/,2022-12-01 오후 01:13:30
1329,정인테크,경기 남양주시 진건읍 진건오남로 390번길 139-1 ,,2022-12-01 오후 01:13:30
1330,정일테크,서울특별시 동대문구 난계로 28길 59 203호,www.jungintech.com/main/index.php,2022-12-01 오후 01:13:30
1331,정주농축산기계,전북 고창군 성내면 선운대로 4299 ,https://chongju.co.kr/,2022-12-01 오후 01:13:30
1332,(주)정진기전,경기 부천시 부천로 310번길 18(도당동) ,www.jungjinelec.kr/,2022-12-01 오후 01:13:30
1333,정한기업,대구광역시 달성군 옥포면 시저로 5길 34,www.greenblo.co.kr/,2022-12-01 오후 01:13:30
1334,제광산업공사,경북 경산시 하양읍 지식산업5로 31 ,www.jaekwang.co.kr,2022-12-01 오후 01:13:30
1335,제광파종기,경북 경산시 하양읍 용정길 212 ,jaekwang.co.kr/,2022-12-01 오후 01:13:30
1339,(주)제이비플랜트,경기 용인시 처인구 포곡읍 금어로 286 ,jbplant.co.kr/,2022-12-01 오후 01:13:30
1340,제이에스산업(주),전남 광양시 사동로 258,industry-js.com/?act=info.company_info,2022-12-01 오후 01:13:30
1345,제이케이이엔지,부산시 강서구 녹산산단262로50번길7,www.jkeng.net/,2022-12-01 오후 01:13:30
1346,제일기공사, 경기도 이천시 부발읍 황무로2065번길 72-75,https://blog.yeogie.com/jeilm,2022-12-01 오후 01:13:30
1347,제일농기계,경기도 화성시 팔탄면 서근리56,www.xn--989az0a17eyv5a3wa.kr/,2022-12-01 오후 01:13:30
1348,제일농기구제작소,경북 경산시 화양읍 화양로 318 ,,2022-12-01 오후 01:13:30
1349,제일발효산업,경기 포천시 가산면 가산로 101 ,,2022-12-01 오후 01:13:30
1350,제일알미늄,서울특별시 영등포구 경인로 702 (문래동1가) 제일알미늄,hij0929.bizdaara.com/company.html,2022-12-01 오후 01:13:30
1351,제일진공열처리,경기도 화성시 정남면 서봉로 910-18,www.jeilheat.co.kr/,2022-12-01 오후 01:13:30
1353,제일화인테크(주),충청남도 천안시 서북구 하야들길 45,seobinggo.bizdaara.com/,2022-12-01 오후 01:13:30
1356,(주)조은농기계,대구 달서구 달서대로 58길 107 ,www.joeuneng.net/html/,2022-12-01 오후 01:13:30
1357,(주)조은물,전남 담양군 담양읍 에코산단5로 29 ,조은물.com/,2022-12-01 오후 01:13:30
1359,(주)조흥전력공사,경남 창녕군 창녕읍 우포2로 1177 ,,2022-12-01 오후 01:13:30
1362,종합기계제작소,경남 창녕군 대합면 경남대로 5303 ,www.ezsystem.kr,2022-12-01 오후 01:13:30
1365,(주)주경,전남 함평군 해보면 산내길 466-27 ,,2022-12-01 오후 01:13:30
1367,(주)주일테크,충남 금산군 추부면 추풍로 344(유원물류센터) ,www.juil.kr,2022-12-01 오후 01:13:30
1369,죽암기계(주),전남 고흥군 동강면 죽암로 281-19,jukammachin.bizdaara.com/,2022-12-01 오후 01:13:30
1370,(주)죽암엠앤씨,전남 고흥군 동강면 죽암로 281-19 ,mnc.jukam.co.kr,2022-12-01 오후 01:13:30
1371,중앙HI-TECH,충남 금산군 복수면 다복로 167 ,joonganghitech.com/,2022-12-01 오후 01:13:30
1372,중앙공업사,충청남도 보령시 청룡굴길 46 (명천동),https://jamotorsind.modoo.at/,2022-12-01 오후 01:13:30
1374,중앙기술산업(주),경상북도 경주시 천북면 모아동산길 12,www.joongangn.com/,2022-12-01 오후 01:13:30
1375,중앙냉동기(주),경기도 안산시 신길동 1061-2,jacooler.co.kr/html/,2022-12-01 오후 01:13:30
1376,중앙정밀(주),대구 달서구 성서공단로 54길17(월암동) ,www.joongang.biz,2022-12-01 오후 01:13:30
1380,(주)중원냉열,경기 파주시 광탄면 혜음로 1400 ,www.joongwons.co.kr/main,2022-12-01 오후 01:13:30
1382,(주)지.에스,경기 화성시 팔탄면 온천로 76-11 ,gsrefkorea.co.kr/g4/html/index.htm,2022-12-01 오후 01:13:30
1383,지구촌지브이(주),"경기 시흥시 마유로32번길 19, 시화공단3바 116호",,2022-12-01 오후 01:13:30
1384,(주)지그린텍,충남 공주시 반포면 반포세종로 126 ,m.gr-tech.kr/#__106961__item0,2022-12-01 오후 01:13:30
1385,(주)지금강이엔지,전남 장성군 황룡면 금호리 460-1,www.g-geumgangpia.com/,2022-12-01 오후 01:13:30
1386,지금강(주),광주광역시 북구 오룡동 1110-25 ,www.g-geumgangpia.com/,2022-12-01 오후 01:13:30
1387,지-랜드, 경기도 양평군 양서면 목왕로 308-34 ,https://egland.modoo.at/,2022-12-01 오후 01:13:30
1388,(주)지명,충남 서천군 종천면 종천공단길 37-14 ,,2022-12-01 오후 01:13:30
1390,지승기업,경남 김해시 상동면 상동로 831-146 ,,2022-12-01 오후 01:13:30
1393,(주)지에스알피디,경북 칠곡군 가산면 다부거문2길 35 ,www.coldtop.co.kr/,2022-12-01 오후 01:13:30
1394,(주)지에스판넬,전북 남원시 광치산업2길 16-14 (용정동),www.지에스판넬.com,2022-12-01 오후 01:13:30
1397,(주)지엘바이오,경상남도 밀양시 하남읍 대평4길 39-10(수산리 72-10),www.glbio.co.kr,2022-12-01 오후 01:13:30
1398,지엘에너지(주),충청북도 청주시 청원구 북이면 신대석성로 401-1 ,www.glenergy.co.kr/,2022-12-01 오후 01:13:30
1399,(주)지엘에코에너지,충청북도 청주시 청원구 오창읍 화산여천길 26,www.glecoenergy.com,2022-12-01 오후 01:13:30
1400,지엘코리아,"경기 화성시 떡전골로 60, 107동 311호 ",,2022-12-01 오후 01:13:30
1402,(주)지엠티,충남 논산시 노성면 논산평야로 1431-10 ,,2022-12-01 오후 01:13:30
1403,지원테크,경남 창원시 의창구 대산면 진산대로506번길 67 ,-,2022-12-01 오후 01:13:30
1405,(주)지케이테크,대구 달서구 중흥로8길 57 1층,paiaqua.nasoft.kr/,2022-12-01 오후 01:13:30
1407,(주)지테크인터내셔날,경기 의정부시 산단로68번길 29 용현산업단지,gtech21.net,2022-12-01 오후 01:13:30
1413,진성공업,경북 영주시 장수면 장수로220번길 22 (장수농공단지),jinsungs.com/shop/list.php?ca_id=80,2022-12-01 오후 01:13:30
1415,진성메카트로닉스,충청북도 청주시 청원구 내수읍 풍정3길 31,jsmecha.kr/index_kor.php,2022-12-01 오후 01:13:30
1417,진영,경북 고령군 성산면 박곡1길 29-21 ,,2022-12-01 오후 01:13:30
1418,진영기업(주),경기 안성시 미양면 제2공단 5길 16-37 ,jin-young.com/,2022-12-01 오후 01:13:30
1419,(주)진영산업,경상남도 김해시 한림면 김해대로927번길 89-32 ,www.jyind.co.kr/main/main.php,2022-12-01 오후 01:13:30
1420,진영종합기계,경북 김천시 공단1길 11-15 (대광동),www.jymc.co.kr,2022-12-01 오후 01:13:30
1421,진영테크(주),경기도 파주시 문산읍 반구정로2번길 5 101-8,jin-young.or.kr/,2022-12-01 오후 01:13:30
1422,(주)진우전자,경기 화성시 송산면 송산서로 150 ,,2022-12-01 오후 01:13:30
1423,(주)진진이앤티,"충남 아산시 염치읍 은행나무길 223, 충남경제진흥원 3층",www.farmkeeper.co.kr/index.php,2022-12-01 오후 01:13:43
1425,진항공시스템,전북 김제시 진봉면 정당4길 30 ,www.jinairsystem.com/,2022-12-01 오후 01:13:43
1427,창성기계,경상남도 밀양시 무안면 가복4길 130-5 (마흘리 723),www.xn--ok0ba707lkve7rcjxjz9p.kr/,2022-12-01 오후 01:13:43
1428,창성농기계,충남 당진시 송악읍 당고개로 265-40(금곡리) ,https://blog.naver.com/youngjun1188/222120445284,2022-12-01 오후 01:13:43
1429,(주)창성밴드,경상북도 성주군 성주읍 성주산업단지로 2길 51 ,www.csband.co.kr/home/m_board_02.php?ps_db=2_2_8,2022-12-01 오후 01:13:43
1430,창성보일러,"경남 밀양시 무안면 가복4길 130-5, 나동 창성보일러",www.xn--ok0ba707lkve7rcjxjz9p.kr/bbs/board.php?bo_table=yb_introduction01&wr_id=1,2022-12-01 오후 01:13:43
1431,창신농기계,경북 의성군 구천면 소보안계로 1545 ,https://changshinam.modoo.at/,2022-12-01 오후 01:13:43
1435,(주)창일테크,경남 창원시 마산회원구 자유무역3길 78 (양덕동 974-7) (주)창일테크,www.changil-tech.com/,2022-12-01 오후 01:13:43
1440,천일펌프,대구광역시 북구 검단로31길 63-8 (검단동),1001pump.com/,2022-12-01 오후 01:13:43
1443,(주)천풍,전남 무안군 삼향읍 영산로990 ,,2022-12-01 오후 01:13:43
1446,에코비젼21㈜,"경기도 오산시 독산성로 425, 7층 41호(세교동)",ecovision21.kr/,2022-12-01 오후 01:13:44
1448,첨단코리아,광주 광산구 계안길 41-4(안청동 419) ,,2022-12-01 오후 01:13:44
1449,청록산업, 경기도 평택시 포승읍 신촌길 45-35,www.chrok.co.kr/,2022-12-01 오후 01:13:44
1451,청솔산업,경북 경산시 진량읍 아사길 45-63 ,https://blog.naver.com/gory012/222627770354,2022-12-01 오후 01:13:44
1452,청송농기,대구광역시 북구 검단로27길 67(검단동 887-165번지) ,www.chsam.co.kr/,2022-12-01 오후 01:13:44
1453,(주)청오엔지니어링,대전광역시 대덕구 대화로32번길 60-9 ,www.chung-oh.co.kr/intro.html,2022-12-01 오후 01:13:44
1454,청운기계,경남 창녕군 계성면 명리길 74 (청운기계) ,https://blog.naver.com/kyk4473/221475294190,2022-12-01 오후 01:13:44
1456,청호산업,경북 칠곡군 지천면 연화2길 15번지 (연화리),www.chco.co.kr/,2022-12-01 오후 01:13:44
1458,초전종합농기계,경북 성주군 초전면 대장길 174 (대장리),https://cjs9328108.modoo.at/,2022-12-01 오후 01:13:44
1461,친화티엔씨(주),광주 광산구 진곡산단2번로 47-13 ,www.chinwha.com/,2022-12-01 오후 01:13:44
1463,백두친환경(주),경북 구미시 인동22길 15 ,https://beakdoo.modoo.at/,2022-12-01 오후 01:13:44
1465,(주)카스에프에이,경기도 양주시 광적면 현석로495번길 64-21 (우고리) (주)카스에프에이,,2022-12-01 오후 01:13:44
1467,(주)카스,경기 양주시 광적면 그루고개로 262 ,www.cas.co.kr,2022-12-01 오후 01:13:44
1468,(주)카스컴,"충북 청주시 흥덕구 강내면 월곡길38, OK프라자 119호 ",,2022-12-01 오후 01:13:44
1469,(주)캐니콤코리아,"부산광역시 강서구 미음국제7로 86, 2층 ",www.canycom.kr/index.htm,2022-12-01 오후 01:13:44
1474,(주)캡스톤,광주 광주광역시 광산구 하남산단6번로34 ,https://capstone-korea.com/,2022-12-01 오후 01:13:46
1477,(주)케이보배,강원도 원주시 호저면 호저로 389,www.kbobe.co.kr/,2022-12-01 오후 01:13:46
1478,케이솔(주),경기도 화성시 봉담읍 건배길 49,ksol.co.kr/,2022-12-01 오후 01:13:46
1479,케이씨테크(주),충청북도 음성군 금왕읍 멍심이길 217-19 (도청리) ,,2022-12-01 오후 01:13:46
1480,KI테크,대구광역시 달서구 성서서로34길 33 (갈산동),ki-tech.kr/,2022-12-01 오후 01:13:46
1481,케이에스에프(주),충남 천안시 동남구 동면 충절로 2749,blog.daara.co.kr/company.html?cid=hjk7989,2022-12-01 오후 01:13:46
1482,케이와이비(주),"전남 영광군 영광읍 옥당로 308-17, 3층 ",,2022-12-01 오후 01:13:46
0002,A월드농기계농자재할인마트,경북 성주군 선남면 성주로 4054-4 ,https://awm.co.kr/,2022-12-01 오후 01:10:39
0003,C.H.S점파식파종기,"전남 목포시 평화로153번길 1, 304동 207호 ",,2022-12-01 오후 01:11:32
1484,케이원에스코(주),전북 전북 진안군 거북바위로3길 15-31 ,,2022-12-01 오후 01:13:46
1486,코리아냉동기상사,전북 전주시 완산구 메너머3길 17 ,,2022-12-01 오후 01:13:46
1487,코리아카본테크(주),대구광역시동구신덕로5길61 ,https://carbonheat.modoo.at/?link=4jrpuhic,2022-12-01 오후 01:13:46
1488,(주)코리아크린시스템,경기도 군포시 용호1로 4 (당동) 3층 총관리본부 ,www.kcs1424.co.kr/,2022-12-01 오후 01:13:46
1490,(주)코리아하이테크,전라남도 영광군 대마면 전기차1로 104 (송죽리),www.koreahitech.kr/,2022-12-01 오후 01:13:46
1491,코리아홀딩스,경기도 수원시 권선구 서수원로591번길 26,www.koreahs.kr/shop/,2022-12-01 오후 01:13:46
1492,코막중공업(주),"서울시 영등포구 여의대방로 68길15, 영창빌딩 203호",www.komac.co.kr,2022-12-01 오후 01:13:46
1493,코멕스전자(주),인천광역시 남동구 호구포로 120번길 16(106블럭 2롯트) 코멕스전자(주),www.komexelc.com/,2022-12-01 오후 01:13:46
1494,(주)코퍼스트,서울특별시 강남구 봉은사로16길 16 (역삼동) 301호,www.kofirst.com/,2022-12-01 오후 01:13:46
1495,(주)쿨테이너,"전라북도 익산시 황동면 도선길 67, (주)쿨테이너",www.cooltainer.co.kr/new/korean/cs.php?sMenu=main,2022-12-01 오후 01:13:46
1496,(주)큐라이트,서울특별시 금천구 가산디지털1로 128 에스티엑스브이타워 1510호,https://www.qlight.com/kr/,2022-12-01 오후 01:13:46
1497,(주)크린워터시스템,"대전광역시 대덕구 우암로 409 (비래동, 태화빌딩 5층)",https://www.cws153.com/42,2022-12-01 오후 01:13:46
1499,(주)크린텍,충북 진천군 덕산면 인석로 247-17 ,www.cleantek.kr/,2022-12-01 오후 01:13:46
1500,(주)크린피아,경기 성남시 중원구 순환로 187 (상대원동) 크린피아,https://clean.co.kr/,2022-12-01 오후 01:13:46
1501,(주)큰돌,경기 남양주시 진접읍 양진로 973-2 ,,2022-12-01 오후 01:13:46
1502,(주)클라크머터리얼핸들링아시아,경기 부천시 오정구 오정로 215 ,clarkhome.clarkmhc.co.kr/html/index.asp,2022-12-01 오후 01:13:46
1504,(주)클린텍,경기도 평택시 서탄면 사리길 212 (수월암리 130-1),www.clean-tech.kr/index.asp,2022-12-01 오후 01:13:46
1506,타임테크,대구 달성군 구지면 달성2차 서로 81-12 ,,2022-12-01 오후 01:13:46
1514,(주)탑플라이트,광주 북구 추암로 69 ,,2022-12-01 오후 01:13:46
1515,태경가스기술(주),울산광역시 남구 용연로 195번길 17,www.taekyunggnt.co.kr/pc/main,2022-12-01 오후 01:13:46
1516,(주)태경산업,경북 칠곡군 가산면 호국로 1278-14 ,,2022-12-01 오후 01:13:46
1518,태광공업사,대구 달서구 성서로9길 86 성서2차2지구 45B-3L (월암동),,2022-12-01 오후 01:13:46
1519,(주)태광공업,경상북도 칠곡군 왜관읍 공단로1길 33 (삼청리 1105번지),tk-am.com/,2022-12-01 오후 01:13:46
1520,태광교역,서울 강동구 올림픽로93길 32 ,,2022-12-01 오후 01:13:46
1523,(주)태광에코,대구광역시 달성군 화원읍 사문진로 356-13 ,www.taekwang77.com,2022-12-01 오후 01:13:46
1524,(주)태광이앤비,전북 완주군 상관면 춘향로 4176 ,,2022-12-01 오후 01:13:46
1525,(주)태광종합기계,경북 칠곡군 지천면 신동로2길 115 ,www.tkmach.co.kr/,2022-12-01 오후 01:13:46
1529,태림기계(유),전북 정읍시 태인면 정읍북로 1377 ,,2022-12-01 오후 01:13:46
1530,(주)태림이엔지,광주 광산구 평동산단2번로 25-2(용동) ,www.taelimeng.com,2022-12-01 오후 01:13:46
1533,태산기계공업(주),충북 옥천군 옥천읍 옥천동이로 387-66(구일농공단지) ,www.taesan21.com,2022-12-01 오후 01:13:46
1534,(주)태산에너지테크,인천광역시 서구 가현산로 46번안길 64 (대곡동) ,www.taesaneng.co.kr,2022-12-01 오후 01:13:46
1536,(주)태성공업,경기도 양주시 광적면 가납리 66-1 (그루고개로 188번길 7-85),www.taesungkorea.com,2022-12-01 오후 01:13:46
1541,태양기계,경상남도 김해시 한림면 병동산단로 74 ,www.tygg.co.kr/main/main.php,2022-12-01 오후 01:13:46
1542,태양농기계,전북 부안군 백산면 백산로 45 ,,2022-12-01 오후 01:13:46
1545,(유)태영이엔지,전북 익산시 춘포로 26(금강로) ,,2022-12-01 오후 01:13:46
1546,태영전열,경기도 부천시 수도로 88-29 (도당동 222-23),www.tyehc.co.kr/prod/,2022-12-01 오후 01:13:46
1548,태웅농기계,경상북도 영주시 이산면 한성로 33-28,,2022-12-01 오후 01:13:46
1549,태인기업,대구광역시 동구 공항로55길 25-5 (지저동),www.taein2012.co.kr/,2022-12-01 오후 01:13:46
1550,태일정밀,대구광역시 북구 3공단로 14길 8(노원동) ,taeilmc.com/kr/index.htm,2022-12-01 오후 01:13:46
1551,태진기계,충남 천안시 서북구 신당새터 1길22 ,,2022-12-01 오후 01:13:46
1554,태창농기계,충남 태안군 소원면 시목길 399,https://blog.naver.com/vogus76,2022-12-01 오후 01:13:46
1558,태홍직파기,전북 김제시 부량면 대평1길 199,taehong21.kr.ecplaza.net/,2022-12-01 오후 01:13:46
1559,태화,충북 청주시 서원구 남이면 연청로 1261 ,https://ys94411.wixsite.com/taehwa/home,2022-12-01 오후 01:13:46
1562,태화산업,대구광역시 북구 3공단로25길 15-3 (노원동3가),www.taehwaspray.com/main/index.html,2022-12-01 오후 01:13:46
1565,(주)테카본,인천 서구 백범로 910번길 66-4 ,,2022-12-01 오후 01:13:46
1567,토명산업,충북 청주시 흥덕구 옥산면 덕촌 미평길6-11 ,www.tomyung.com/,2022-12-01 오후 01:13:46
1568,(주)토야테크,경기도 화성시 남양읍 현대기아로 520-16,wwww.toyatech.co.kr/index.html,2022-12-01 오후 01:13:46
1569,토탈테크(주),"서울특별시 서초구 서초대로73길 40, 1211호(서초동 강남오피스텔)",www.totaltech.co.kr/,2022-12-01 오후 01:13:46
1571,투원텍(주),경기도 안산시 단원구 화정동 14 (너비울길 181),wonsimwon.com/,2022-12-01 오후 01:13:46
1574,(주)특수정밀,경기도 시흥시 수인로3108번길 31-4 ,www.tsjm.co.kr,2022-12-01 오후 01:13:46
1575,(주)티아스,경남 양산시 하북면 송골길 14-23 ,,2022-12-01 오후 01:13:46
1578,(주)티알에스,대구광역시 북구 칠성로동19길 2(칠성동2가),https://www.etrs.co.kr/,2022-12-01 오후 01:13:46
1579,티에마(주),경기 안성시 보개면 남사당로 278-1(B) ,www.tiema.co.kr/index.php,2022-12-01 오후 01:13:46
1580,티에스엠케이(주),"경기도 수원시 권선구 권선로 308-18, 502동 107호 ",www.mkboiler.com/index/index.php,2022-12-01 오후 01:13:46
1582,(주)파루,전남 순천시 서면 산단4길 12 ,www.paru.co.kr,2022-12-01 오후 01:13:46
1586,(주)파워레인,제주틀별자치도 제주시 청풍남 2길 19 (화북 1동),www.powerrain.kr,2022-12-01 오후 01:13:46
1588,(주)파이랜드,"부산광역시 동구 중앙대로 266(초량동), 부경빌딩 2층 ",www.ngmpai.co.kr/index.htm,2022-12-01 오후 01:13:46
1589,(주)GK파이아쿠아테크,대구 달서구 중흥로8길 57 1층,paiaqua.nasoft.kr/,2022-12-01 오후 01:13:46
1591,팜스틸(주),경기 안성시 공도읍 서동대로 4290-26 ,www.farmsteel.com,2022-12-01 오후 01:13:46
1594,(주)팩타운코리아,"경기도 부천시 오정구 석천로 397, 부천테크노파크 쌍용3차 101동 608호 ",www.agropack.co.kr,2022-12-01 오후 01:13:46
1596,(주)팬직,경기도 화성시 장안면 3.1 만세로 382-7 ,www.fanzic.com/,2022-12-01 오후 01:13:46
1598,(주)퍼펙트엘,경기 시흥시 금화로 202번길 40 (산현동),www.perfectel.co.kr/user/main/index.hpc,2022-12-01 오후 01:13:46
1600,평창산업,"강원도 평창군 진부면 진벌길 4-15, 평창산업 ",www.ppcc.co.kr/default/,2022-12-01 오후 01:13:46
1602,평화농기계,경북 성주군 성주읍 성산9길 87 ,,2022-12-01 오후 01:13:46
1606,(주)평화인더스트리,제주특별자치도 제주시 선반로8길 5(화북일동),phind.koreasme.com/,2022-12-01 오후 01:13:46
1607,(주)포더시스템,"인천 부평구 무네미로448번길 56, 한국폴리텍2 대학 하이테크관 301호 ",,2022-12-01 오후 01:13:46
0009,엠에스테크(주),서울 서초구 방배천로 2길 50(301호) ,www.poly-agron.com/ko/online01.html,2022-12-01 오후 01:13:14
0010,프라임공조,경기도 고양시 덕양구 토당동 836-12,www.eprime.kr/,2022-12-01 오후 01:13:26
0011,PSD중공업(주),대구 북구 침산로 67길 56(침산동) ,https://blog.yeogie.com/psdheavy/,2022-12-01 오후 01:13:26
0012,SB산업,충남 천안시 서북구 성환읍 와룡길5 ,www.sbind.kr/,2022-12-01 오후 01:13:26
0016,YJ시스템,경기도 안산시 단원구 별망로80번길 51 (성곡동) 시화공단4바507호,yj시스템.com/,2022-12-01 오후 01:13:26
0017,(주)가민무인기술,경기 김포시 월곶면 군하로 125-26 ,https://www.gamin.kr/,2022-12-01 오후 01:13:26
0022,가파(주)," 서울특별시 서초구 강남대로 27, aT센터 706호",gffa.co.kr/,2022-12-01 오후 01:13:26
0023,갑부상사,경기 화성시 팔탄면 시청로 1101 갑부상사,https://gabbumarket.modoo.at/,2022-12-01 오후 01:13:26
0024,(주)강농,충북 단양군 단성면 선암계곡로 1051 ,www.knong.kr,2022-12-01 오후 01:13:26
0025,강원농기계,강원도 횡성군 횡성읍 경강로 1608,www.xn--939a0mg9an0gt38a.kr/,2022-12-01 오후 01:13:26
0026,강진콘베어(주),전라남도 장흥군 장흥읍 사안리 82,kjconveyor.kr.ec21.com/,2022-12-01 오후 01:13:26
0029,거류기업,경북 경북 상주시 외답6길 33 ,kioritz.cafe24.com/,2022-12-01 오후 01:13:26
0030,건국건조기(주),광주 북구 효령신촌길 9번지 ,,2022-12-01 오후 01:13:26
0033,(주)건양에너지,제주 제주시 거로중길 57-12 ,www.geonyang.com,2022-12-01 오후 01:13:26
0034,건용엔지니어링,경기 파주시 방촌로396번길 66 ,,2022-12-01 오후 01:13:26
0038,경농기업,서울시 서초구 효령로 77길 28 동오빌딩,www.knco.co.kr/,2022-12-01 오후 01:13:26
0039,경농산업,경북 영천시 청통면 금송로 857-66 ,kn2100.com,2022-12-01 오후 01:13:26
0040,경농테크텍스,경북 경산시 자인면 한장군로 354-54 ,,2022-12-01 오후 01:13:26
0041,(주)경도건설기계,경북 문경시 산양면 경서로 559 ,,2022-12-01 오후 01:13:26
0042,(주)경동나비엔,서울 영등포구 국회대로 76길 22 신관 5층 ,,2022-12-01 오후 01:13:26
0043,(주)경동냉동산업,"경기 용인시 처인구 양지면 주북로5번길 124,에프동(성보테크타운) ",kdfreeze.co.kr/,2022-12-01 오후 01:13:26
0044,경동산업(주),경기 파주시 광탄면 혜음로 601번길 51 ,,2022-12-01 오후 01:13:26
0045,경부기계,광주 북구 버들로 54 (북동) ,www.keongbu.net,2022-12-01 오후 01:13:26
0046,경북산업,경북 안동시 남후면 농공길 52-9 ,kb-andong.com/,2022-12-01 오후 01:13:26
0047,(주)경북산업,경북 안동시 남후면 농공길52-9 ,kb-andong.com/,2022-12-01 오후 01:13:26
0048,(주)경서시스템,제주 서귀포시 일주서로 35 ,www.ks-system.kr/,2022-12-01 오후 01:13:26
0049,경성기계공업,경기도 파주시 조리읍 능안로 27-50,kyungsung.sendpage.co.kr/,2022-12-01 오후 01:13:26
0051,경안농기계,경북 안동시 남후면 큰광음길 79 ,www.ka1799.com/,2022-12-01 오후 01:13:26
0053,경인팩,경기 부천시 범안로178번길 18-10 ,www.kyunginpack.co.kr,2022-12-01 오후 01:13:26
0054,(주)경일,경기 안산시 단원구 산단로 35번길 198 ,www.kyungilco.com,2022-12-01 오후 01:13:26
0055,경종기계,경북 칠곡군 동명면 경북대로 881 ,xn--289aoa50in06d.kr/html/,2022-12-01 오후 01:13:26
0056,경창기계공업사,대구 달성군 옥포면 옥포로113길 5 ,,2022-12-01 오후 01:13:26
0057,계양전기(주),"서울 강남구 테헤란로 508, 해성2빌딩 2층 ",www.keyang.com,2022-12-01 오후 01:13:26
0058,계양종합상사,"충남 천안시 동남구 신촌로 24, 아동 2119호",,2022-12-01 오후 01:13:26
0060,(주)고려비앤씨,충남 천안시 서북구 직산읍 성진로 479 ,m.krbnc.co.kr/,2022-12-01 오후 01:13:26
0064,고산기계공업사,제주 제주시 한경면 고산서1길 9 ,,2022-12-01 오후 01:13:26
0065,고산농기계,제주 제주시 한경면 칠전로 25-6 ,,2022-12-01 오후 01:13:26
0067,(주)골드론,전남 장성군 해삼로 1134,www.goldrone.co.kr/index.php?cate=003003,2022-12-01 오후 01:13:26
0069,골리앗,경북 상주시 외답6길 33 ,xn--v69au8v.com/front/,2022-12-01 오후 01:13:26
0071,(주)공성,대구 달서구 호산로 47 ,www.kongsung.net/,2022-12-01 오후 01:13:26
0072,광명1급정밀,광주 광산구 손재로 376-7 ,blog.naver.com/hyunbonglee,2022-12-01 오후 01:13:26
0074,광선농기구사,전북 정읍시 충정로 447-10(농소동) ,https://m.blog.naver.com/ks5352324,2022-12-01 오후 01:13:26
0077,광성분무기,대전 서구 계룡로 232번길 79 ,www.kwangsung.com,2022-12-01 오후 01:13:26
0080,광성테크,"인천광역시 남동구 은봉로 51, 남동테크노파트 B동 709호 (남동공단 21B-13L)",www.ksth.co.kr/,2022-12-01 오후 01:13:26
0081,광신기공(주),경기도 군포시 금정동 693-22,www.drillhead.co.kr/,2022-12-01 오후 01:13:26
0082,광원농기계(유),전북 김제시 만경로 86,www.seyoen.co.kr/,2022-12-01 오후 01:13:26
0083,광일콘베이어제작사업부,전남 화순군 도곡면 천암1길 80,,2022-12-01 오후 01:13:26
0085,광주두현콘베어,광주광역시 광산구 장덕동 983-16,,2022-12-01 오후 01:13:26
0086,(주)광진기업,경북 안동시 공단로 16(수상동) ,gjagro.co.kr/,2022-12-01 오후 01:13:26
0087,(주)광태양에너지,경북 군위군 군위읍 중앙길 155 ,www.ksolar.co.kr/shop/,2022-12-01 오후 01:13:26
0088,(주)광풍,충남 공주시 이인면 금광로 232 ,www.kpung.co.kr,2022-12-01 오후 01:13:26
0090,구비테크(주),대구 달성군 현풍읍 테크노대로 4길 17,gubi.kr/,2022-12-01 오후 01:13:26
0091,구일엔지니어링,경북 구미시 산동읍 산호대로 1105-19,www.gieng.com/,2022-12-01 오후 01:13:26
0096,국제농기계,충남 천안시 서북구 성환읍 신방로 318-41 ,,2022-12-01 오후 01:13:26
0097,국제동양기계,대구 북구 검단북로29길 63 ,-,2022-12-01 오후 01:13:26
0098,(주)국제물류기계,대구 북구 매천로 13 ,www.klift.co.kr,2022-12-01 오후 01:13:26
0102,국제종합기계(주),옥천군 옥천군 옥천읍 서부로 49 ,www.kukjemachinery.co.kr,2022-12-01 오후 01:13:26
0103,굿폭스,경상북도 김천시 아포읍 제석리 254,goodfox.co.kr/,2022-12-01 오후 01:13:26
0105,귀뚜라미보일러(주),경북 청도군 청도읍 월곡2길 34,https://krb.co.kr/,2022-12-01 오후 01:13:26
0106,(주)귀뚜라미,경북 청도군 청도읍 월곡2길 34 ,,2022-12-01 오후 01:13:26
0107,귀뚜라미홈시스(주)-화곡지점,"서울특별시 광진구 자양동 아차산로 388 (자양동,101호)",homsys88.com/,2022-12-01 오후 01:13:26
0109,그라프너(주),"경기 부천시 부천로 198번길 18, 202동 8층 ",,2022-12-01 오후 01:13:26
0110,(주)그랜드에너텍,경기 화성시 우정읍 호곡길 168번길 74-29 ,grandenertec.co.kr/,2022-12-01 오후 01:13:26
0111,그랜드코리아(주),경기도 안산시 단원구 풍전로 37-9 트리플렉스A,www.grandkorea.co.kr/main/main.php,2022-12-01 오후 01:13:26
0113,(주)그린맥스,인천광역시 남동구 능허대로 625번길 18-13,www.greenmax.co.kr,2022-12-01 오후 01:13:26
0114,그린뱅크,"대구광역시 북구 칠곡중앙대로99길 39-6, 2층",greenb.bizdaara.com/,2022-12-01 오후 01:13:26
0115,그린산업,경기도 양주시 은현면 은현로 312번길 290,heatingfilm.com/,2022-12-01 오후 01:13:26
1612,표준산업,전남 담양군 수북면 대방두정길 193-12,,2022-12-01 오후 01:13:46
1615,푸른농업기계,경북 의성군 의성읍 홍술로 74 ,agripureun.net/bbs/zboard.php?id=mainp,2022-12-01 오후 01:13:46
1617,(주)풍림이엔지,경기도 화성시 송산면 삼존로 42-39,www.poongrim.co.kr/poongrim.asp,2022-12-01 오후 01:13:46
1619,풍원엔지니어링,전남 영암군 덕진면 예향로 1795,,2022-12-01 오후 01:13:46
1620,풍조농기계,충남 아산시 도고면 도고산로74번길 135 ,pungjotmr.co.kr/,2022-12-01 오후 01:13:46
1623,프레스카(주),경북 경주시 내남면 내외로 1397-16 ,,2022-12-01 오후 01:13:46
1624,플라즈마홀딩스(주),창원시 성산구 연덕로27번길 10(웅남동),www.plasmah.kr/,2022-12-01 오후 01:13:46
1625,(주)플러스,강원 춘천시 신북읍 신북로 61-20 강원테크노파크벤처1공장 203-2,,2022-12-01 오후 01:13:46
1626,(주)피그넷에어뱅크시스템,충남 천안시 동남구 신흥2길 20 ,,2022-12-01 오후 01:13:46
1628,(주)피스,인천 남동구 남동서로270번길 47(논현동,peaceind.co.kr/,2022-12-01 오후 01:13:46
1629,피스코리아(주),인천 남동구 남동대로 199번길 9 (고잔동),www.peacekorea.co.kr/,2022-12-01 오후 01:13:46
1633,필수기계,전남 영암군 신북면 예향로 2507,,2022-12-01 오후 01:13:46
1634,(주)필택산업,충남 청양군 운곡면 청신로 567-25 ,ptind.bizdaara.com/,2022-12-01 오후 01:13:46
1641,(주)하나,대전 대덕구 대전로 1092 3층 ,www.r-binder.co.kr/,2022-12-01 오후 01:13:46
1642,하나팜(주),강원도 원주시 섭재삼보길 181-1 (반곡동) 2층,hanafarm.kr/,2022-12-01 오후 01:13:46
1643,(주)하남엔지니어링,경남 남해군 남해읍 화전로 43번길 1-1 ,hanameng.co.kr,2022-12-01 오후 01:13:46
1645,(주)하다,"전라북도 전주시 덕진구 오공로 123, 1009호",hada-korea.com/,2022-12-01 오후 01:13:46
1647,하이에어코리아(주),경남 김해시 진례면 고모로324번길 204 ,www.hiairkorea.co.kr,2022-12-01 오후 01:13:46
1649,(주)하이온,경기 파주시 조리읍 사근절길 17-31 (오산리 344-38),www.hion.kr/,2022-12-01 오후 01:13:46
1652,(주)하이테크21,광주 광산구 하남산단8번로 100 ,,2022-12-01 오후 01:13:46
1654,(주)하이테크코리아,경기도 용인시 처인구 이동면 한덕로 32  ,www.hiteck-k.com/,2022-12-01 오후 01:13:46
1657,한강이앤지(주),경기 화성시 비봉면 푸른들판로1125번길 13,https://blog.naver.com/hankang_eng (블로그),2022-12-01 오후 01:13:46
1658,한결그린테크,경기 여주시 가남읍 여주남로 936 (삼군리 216-6),www.hgt.co.kr/default/,2022-12-01 오후 01:13:46
1660,한국건조기술,충북 진천군 문백면 옥성1길 33 ,www.dryeng.kr/index.htm,2022-12-01 오후 01:13:46
1661,한국공업사,대구시 북구 노원3가 658-2,www.hankuk21.com/index.html,2022-12-01 오후 01:13:46
1662,한국구보다(주),전라북도 김제시 백산면 자유무역길 41-27,www.kubotakorea.com/,2022-12-01 오후 01:13:46
1663,한국금속엔지니어링,광주 광산구 동곡로 843-5,https://blog.naver.com/bolyo (블로그),2022-12-01 오후 01:13:48
1664,한국기계,충남 천안시 서북구 직산읍 성진로 416 ,www.hgmeca.co.kr/,2022-12-01 오후 01:13:48
1666,한국농기계(주),충남 금산군 제원면 금강로 86 ,www.hankookpower.com/,2022-12-01 오후 01:13:48
1669,한국마그넷(주),경남 진주시 상대동 33-45,www.magneto.co.kr,2022-12-01 오후 01:13:48
1670,한국마스키오가스팔도(주),전북 정읍시 해평복룡길 33,maschio.com,2022-12-01 오후 01:13:48
1671,한국바이오존(주),경기 포천시 군내면 반월산성로 199번길 73 ,,2022-12-01 오후 01:13:48
1674,한국삼공(주),서울특별시 서초구 강남대로 285 태우빌딩,www.30agro.co.kr/,2022-12-01 오후 01:13:48
1675,(주)한국선별기술,경남 김해시 주촌면 서부로 1430번길 36,www.phe.co.kr/ko/,2022-12-01 오후 01:13:48
1677,한국에이씨트랙터,충남 공주시 반포면 반포초교길 62 주)ACT 코리아,www.actractor.kr/,2022-12-01 오후 01:13:48
1678,한국에이앤디(주),서울 영등포구 국제금융로6길 33 여의도 백화점 8층,andk.co.kr/main/,2022-12-01 오후 01:13:48
1679,한국영농기술,제주 제주시 청풍남 2길 19(화북1동 3932-2) ,www.powerrain.kr,2022-12-01 오후 01:13:48
1680,(주)한국유에이브이,"경기 성남시 수정구 대왕판교로815, 혁신기술존 362호 ",koreauav.net/,2022-12-01 오후 01:13:48
1685,한국첼리(주),충남 천안시 서북구 백석공단7로 53 (백석동 외국기업전용공단),www.cellicorea.com/,2022-12-01 오후 01:13:48
1686,한국코스믹라운드(주),"경기도 성남시 중원구 사기막골로 124 (상대원동, SK엔테크노파크 비즈센터동 B112,113)",www.hocl.co.kr,2022-12-01 오후 01:13:48
1687,한국특장(주),"충북 진천군 덕산읍 산삼로 58 (산수리, (주)한국특장",hktsc.com/,2022-12-01 오후 01:13:48
1688,한국페라리트랙터,충남 공주시 우성면 옥성길 498 ,www.ferraritractor.co.kr,2022-12-01 오후 01:13:48
1689,한국프라우대창공업,대전 대덕구 아리랑로 111 (읍내동),www.hkplough.com,2022-12-01 오후 01:13:48
1690,(주)한국헬리콥터,충청남도 천안시 서북구 성환읍 연암로 157-5,www.koreahelicopter.com/,2022-12-01 오후 01:13:48
1692,한남냉동산업(주),경기도 용인시 처인구 포곡음 금어로 296,www.biopanel.kr/,2022-12-01 오후 01:13:48
1694,한남씨엠에스(주),경북 상주시 외답6길 33 (외답동),blog.daara.co.kr/hannamcms,2022-12-01 오후 01:13:48
1698,(주)한농테크,충남 논산시 채운면 동안로 263번길 16-13 ,,2022-12-01 오후 01:13:48
1699,(유)한누리,전북 정읍시 태인면 점촌길13 ,한누리.kr,2022-12-01 오후 01:13:48
1703,(주)한라기계상사,경기도 광주시 오포읍 포은대로 426-1,ehalla.com/,2022-12-01 오후 01:13:48
1707,(유)한미산업,광주광역시 광산구 안청동 734-6번지,www.hanmieng.com,2022-12-01 오후 01:13:48
1713,(주)한빛드론,인천광역시 서구 로봇랜드로 155-11 13층,www.hanbitdrone.com,2022-12-01 오후 01:13:48
1715,(주)한서정공,충남 천안시 서북구 성환읍 연암율금로 195 ,www.hsltd.co.kr,2022-12-01 오후 01:13:48
1716,한서테크,서울특별시 구로구 고척로 96(원우빌딩 2층),www.hanseot.co.kr,2022-12-01 오후 01:13:48
1717,(주)한성,전북 김제시 백구면 황토로 1162-57 (반월리 665-3번지),www.hsenergy.co.kr/,2022-12-01 오후 01:13:48
1718,한성공업(주),전북 익산시 보석로4길 29(신흥동),www.shizuokahansung.co.kr/,2022-12-01 오후 01:13:48
1720,한성기공,경기도 안산시 상록구 도금단지 1길 22,www.hs-reactor.co.kr/,2022-12-01 오후 01:13:48
1721,한성물산,충남 아산시 둔포면 아산밸리로 337 ,www.hstni.com,2022-12-01 오후 01:13:48
1726,(주)한성엔지니어링,충남 천안시 동남구 풍세면 풍서1길 11 ,hansungsort.co.kr,2022-12-01 오후 01:13:48
1729,한성종합기계,경기 시흥시 시화벤처로 6-19 (정왕동) 한국기계유통단지 7동 9호,gige.bizdaara.com/,2022-12-01 오후 01:13:48
1730,한성크린테크(주),충남 천안시 동남구 목천읍 도장로 193-16 (주)한성크린테크,과일선별기.com/,2022-12-01 오후 01:13:48
1731,한성테크,경북 상주시 외답6길 33,https://blog.naver.com/okkokoko,2022-12-01 오후 01:13:48
1732,(주)한성티앤아이,충남 아산시 둔포면 아산밸리로 337 ,www.hstni.com/index/,2022-12-01 오후 01:13:48
1734,한성하이텍,경북 고령군 개진면 개경포로 1509-3 ,www.boiller.co.kr,2022-12-01 오후 01:13:48
0117,(주)그린아그로텍,경북 경산시 압량면 인안길 99 ,www.sptrap.co.kr,2022-12-01 오후 01:13:26
0119,그린이엔지,울산광역시 울주군 언양읍 괴말길 11,www.greenengwel.com/,2022-12-01 오후 01:13:26
0120,그린테코(주),"경기 화성시 동탄대로 677-12, 6층 612호,613호(영천동 효성아이씨티타워) ",www.greenteko.com,2022-12-01 오후 01:13:26
0121,그린테크,충남 천안시 서북구 성거읍 성거길 159 ,,2022-12-01 오후 01:13:26
0122,그린토피아(주),경기 양평군 양서면 골용진길19번길 2-6,green-topia.com/,2022-12-01 오후 01:13:26
0123,(주)그린피아산업,경북 고령군 다산면 다산산단로 243 ,greenpiaind.com/,2022-12-01 오후 01:13:26
0124,그린피아에너지(주),전남 담양군 담양읍 에코길 24,www.kgreenpia.com/default/,2022-12-01 오후 01:13:26
0125,그린하이팜,경기 화성시 팔탄면 율암길 241 ,,2022-12-01 오후 01:13:26
0126,근우테크(주),대구 북구 검단공단로 82-6 ,kw-tec.co.kr/,2022-12-01 오후 01:13:26
0127,글로벌두성이엔지(주),충청북도 청주시 청원구 오창읍 원리2길 45,www.skcooler.com/,2022-12-01 오후 01:13:26
0131,금강농기계,전북 익산시 춘포로 19 ,www.한국농기계.kr,2022-12-01 오후 01:13:26
0132,금남정밀,경북 영천시 고경면 단포2안길 5-8 ,,2022-12-01 오후 01:13:26
0133,금룡하이텍,경남 창원시 진해구 남양동 380-1,211.234.100.234/geumlyong/index.html,2022-12-01 오후 01:13:26
0135,금산기계(주),대구광역시 북구 노원로동39길 33,ksm2310.com/main/main.html,2022-12-01 오후 01:13:26
0136,금산에스엘티(주),"충남 천안시 동남구 목천읍 삼성3길 8-51, 비동 ",,2022-12-01 오후 01:13:26
0138,금성산업,대구 북구 검단로31길 36-8 ,,2022-12-01 오후 01:13:26
0139,금성실업,경남 진주시 나불로42 ,,2022-12-01 오후 01:13:26
0140,금성종합기계,대구광역시 북구 검단동 838-95,www.gs2006.co.kr,2022-12-01 오후 01:13:26
0141,(주)금성테크,"경남 창원시 성산구 완암로 50, 테크동 904호 ",,2022-12-01 오후 01:13:26
0144,(주)금용,경북 고령군 성산면 개경포로 2092 ,,2022-12-01 오후 01:13:26
0145,금장산업,경북 칠곡군 지천면 달서원길 18-16 ,gumjang.hostibz.com/,2022-12-01 오후 01:13:26
0146,(유)금탑공조산업,광주 광산구 송도로 162번길 26 ,,2022-12-01 오후 01:13:26
0147,금평기계,인천 서구 봉수대로 1526 ,,2022-12-01 오후 01:13:26
0148,금호기계,경상남도 하동군 진교면 달구지길 46,m.kino5383.cafe24.com/,2022-12-01 오후 01:13:26
0149,금호씨에스씨(주),경남 사천시 용현면 안점봉수대길 135 ,,2022-12-01 오후 01:13:26
0150,금호이엔지(주),"경기도 화성시 동탄첨단산업1로 14, 710호",kumhoeng.kr,2022-12-01 오후 01:13:26
0152,기연기계상사,강원도 평창군 진부면 상진부리 261-4 (평창산업),www.ppcc.co.kr/default/index.php,2022-12-01 오후 01:13:26
0153,(주)기현,경남 진주시 돗골로 66 기현기현공업사/(주)기현 ,www.kihyunmc.com,2022-12-01 오후 01:13:26
0155,꽃따비,"경기 의왕시 포도원로 46(오전동, 대명구름채아파트) 204동 604호 ",,2022-12-01 오후 01:13:26
0158,(유)나다교역,전북 익산시 오산면 만신길 4 ,,2022-12-01 오후 01:13:26
0159,나드리농기,경북 고령군 대가야읍 왕릉로 41 ,,2022-12-01 오후 01:13:26
0160,나라산업(주),충남 천안시 성환읍 안궁3길 6 ,www.narasanup.co.kr,2022-12-01 오후 01:13:26
0161,(주)나라항공기술,전남 영암군 삼호읍 대불주거3로 55 별관동 101호 ,www.naraaviation.com/,2022-12-01 오후 01:13:26
0162,나로앤텍,경기 양주시 광적면 삼일로 181(나동) ,,2022-12-01 오후 01:13:26
0163,나로테크,전남 나주시 산포면 내기1길 58-7 ,https://m.blog.daum.net/mhb26k,2022-12-01 오후 01:13:26
0164,나무꾼보일러(주),경기도 화성시 팔탄면 버들로 1467,https://blog.yeogie.com/nmgboiler/,2022-12-01 오후 01:13:26
0165,나사산업,충남 예산군 오가면 오신로 7 ,nasaindustry.co.kr,2022-12-01 오후 01:13:26
0166,(주)나우이엘,경기 김포시 대곶면 율생중앙로169번길 63 ,www.nawooel.com/,2022-12-01 오후 01:13:26
0167,나이스위드,대구 북구 노원로 147 ,www.nicewith.com/,2022-12-01 오후 01:13:26
0168,나이스텍(주),충남 아산시 인주면 인주로 197 ,www.enice.co.kr,2022-12-01 오후 01:13:26
0169,낙우산업(주),경남 산청군 산청읍 산수로 116-54 ,www.lakwoo.co.kr/kor/main/main.html,2022-12-01 오후 01:13:26
0171,남덕공업,경남 함양군 서상면 서상로 146 ,,2022-12-01 오후 01:13:26
0173,(주)남부,경남 창원시 의창구 팔용동 42-22 ,www.supergun.co.kr/mobile/kor/main/main.html,2022-12-01 오후 01:13:26
0175,남선엔지니어링,경기 남양주시 화도읍 경춘로 답내3길 11-4 ,,2022-12-01 오후 01:13:26
0178,남원금강냉동,전북 남원시 충정로 340 ,https://blog.daum.net/realstar01,2022-12-01 오후 01:13:26
0185,냉동공조협동조합,대전 대덕구 대전로 1030 ,ww.naengdong.com/,2022-12-01 오후 01:13:26
0186,네오트(주),인천광역시 서구 단봉로 216번길 20(오류동),www.ineot.com/,2022-12-01 오후 01:13:26
0188,넥스트에너지코리아(주),경기도 광주시 곤지암읍 경충대로 184번길 65,www.nextene.com/kor/,2022-12-01 오후 01:13:26
0193,농기계푸른,경북의성군 의성읍 홍술로 74,agripureun.net/bbs/zboard.php?id=mainp,2022-12-01 오후 01:13:26
0195,(주)농산연구소,경기 용인시 처인구 백암면 고안리 557-17 ,www.nslab.kr/main/main.php,2022-12-01 오후 01:13:26
0198,농정기계,충남 논산시 성동면 금백로 401 ,,2022-12-01 오후 01:13:26
0199,농협무역(주),서울특별시 강동구 올림픽로 48길 7,https://nhtra.co.kr:45869/main/main.html,2022-12-01 오후 01:13:26
0202,뉴동원테크,경북 칠곡군 지천면 금호로 148-23 ,www.xn--vg1bm0af03bf7i85a.com/,2022-12-01 오후 01:13:26
0203,(주)뉴런모터스,광주 광산구 진곡산단 6번로 33 ,newrunmotors.cubrain.co.kr/,2022-12-01 오후 01:13:26
0204,뉴런테크(주)," 광주 광산구 진곡산단6번로 33 (고룡동, (주)뉴런테크)",newrunmotors.machineyh.co.kr/cafe/index.htm,2022-12-01 오후 01:13:26
0208,다목생태기술(주),전남 순천시 주암면 광천리 550-1,damokecotech.com/,2022-12-01 오후 01:13:26
0209,다목에코텍(주),전남 순천시 주암면 주암호길 62-72 ,damokecotech.com/,2022-12-01 오후 01:13:26
0213,다우(주),경남 창녕군 대합면 대합산업단지로 68-51,www.daual.com,2022-12-01 오후 01:13:26
0215,다원테크,충남 충남 천안시 서북구 직산읍 모시1길 25 ,dawontech.machineyh.co.kr/cafe/index.htm,2022-12-01 오후 01:13:26
0216,(주)다이노,경기 김포시 월곶면 대곶로 484번길 43-69 ,www.dino.co.kr,2022-12-01 오후 01:13:26
0218,(주)다이레카,부산 강서구 평강로 11 ,direcar.bizdaara.com/direcar,2022-12-01 오후 01:13:26
0219,다인냉동플랜트(주),"전남 장성군 황룡면 뱃나드리로 95, 1층 ",,2022-12-01 오후 01:13:26
0223,대경ENG,"제주시 첨단로 322(영평동, 디케이비지니스센터)",www.familydk.co.kr/,2022-12-01 오후 01:13:26
0225,대경뉴팜,경북 상주시 만산동 302-1,www.kkbi.co.kr/,2022-12-01 오후 01:13:26
0226,대경산업,경기도 고양시 덕양구 용현로 7 에버그린 빌딩 3층,www.dkinfra.co.kr/,2022-12-01 오후 01:13:26
0227,대경정공(주),대구 동구 안심로55길 6 ,www.casterchamp.com,2022-12-01 오후 01:13:26
0228,대광공업,경남 함안군 칠원읍 용산리 273-1 ,www.dkball.kr/,2022-12-01 오후 01:13:26
0229,대광농기계,충남 천안시 서북구 직산읍 상덕로 209 ,www.dae-kwang.com/,2022-12-01 오후 01:13:26
0231,대광에너지,경남 밀양시 무안면 무안리 749번지,www.daekwangenergy.com,2022-12-01 오후 01:13:26
1735,한신산업,경기도 김포시 대곳면 송마리 488 ,hanshintec.com,2022-12-01 오후 01:13:48
1736,한신정공,충남 천안시 동남구 목천읍 응원1길 92 ,,2022-12-01 오후 01:13:48
1737,한아에스에스(주),광주 광산구 평동산단2번로 233 ,www.hana-ss.co.kr/,2022-12-01 오후 01:13:48
1740,한양농축산,경기 안성시 삼죽면 삼죽로 265-10,,2022-12-01 오후 01:13:48
1741,한양전기기계,경북 상주시 헌신2길 18  (헌신동 572),www.hy2979.com/,2022-12-01 오후 01:13:48
1742,한양테크,대구광역시 북구 연암로 42길 17(산격동 696-8),www.hyte.kr/,2022-12-01 오후 01:13:48
1743,(주)한일공업,경북 경산시 용성면 내촌길 96-65 ,hanil.nso2net.com/,2022-12-01 오후 01:13:48
1744,한일기계,경남 산청군 시천면 송하중태길 1,hi2000.dothome.co.kr/,2022-12-01 오후 01:13:48
1748,한일비엔씨(주),인천 서구 대곡동 21-6 ,https://hanilbnc.modoo.at/,2022-12-01 오후 01:13:48
1749,(주)한일상역,경기 고양시 일산동구 장대길 160-80(장항동) ,https://blog.naver.com/haniltrading (블로그),2022-12-01 오후 01:13:48
1750,한일솔라텍(주),전남 나주시 금천면 촌곡신가길 4 (촌곡리),hanilsolar.com/,2022-12-01 오후 01:13:48
1751,(주)한일에스피,충남 금산군 추부면 신평공단1로 21 ,www.hanilspray.co.kr,2022-12-01 오후 01:13:48
1752,한일전기(주),경기 부천시 중동로 33 (송내동) ,www.hanilelec.co.kr,2022-12-01 오후 01:13:48
1755,한일지엔코(주),전남 장성군 동화면 동화로 342-14(우편물 : 광주 서구 마륵벽진길 120) ,https://gncohi.com/product/list.html?cate_no=25,2022-12-01 오후 01:13:48
1757,(주)한일플랜트,경북 칠곡군 왜관읍 공단로 8길 187 ,,2022-12-01 오후 01:13:48
1758,한전열시스템,부산광역시 사상구 감전1동 128-74,www.hanh.co.kr/ko/index.html,2022-12-01 오후 01:13:48
1764,한창콘베어,대구광역시 서구 장산로 318 (이현동 42-517) ,https://www.conbelt.co.kr/,2022-12-01 오후 01:13:48
1766,한화테크윈(주),경기도 성남시 분당구 판교로 319번길 6 (삼평동),https://www.hanwha-security.com/ko/,2022-12-01 오후 01:13:48
1767,해광삼우F.A,경남 김해시 주촌면 서부로 1637번길 299-55 ,xn--hc0b068apvda23ix7am89cqza.com/,2022-12-01 오후 01:13:48
1772,해송테크,인천 남동구 남동동로 138번길 88 ,,2022-12-01 오후 01:13:48
1774,(주)해아림,"인천 미추홀구 경인로 229(도화동, 인천아이티타워) 1405호 누리아이",https://shop.sunforest.kr/,2022-12-01 오후 01:13:48
1777,해청기계,경북 상주시 헌신공단길 6 ,https://smartstore.naver.com/s2015,2022-12-01 오후 01:13:48
1778,해청농기사,경북 상주시 헌신동 116,hcshop.kr/,2022-12-01 오후 01:13:48
1780,(주)햇살,경북 봉화군 봉화읍 1 농공단지길 68 ,https://blog.naver.com/gethatssal (블로그),2022-12-01 오후 01:13:48
1781,헬셀(주),경기도 하남시 미사대로 520 (덕풍동) 현대지식산업센터한강미사2차 D동 324호,https://www.helsel.co.kr/,2022-12-01 오후 01:13:48
1782,(주)헬퍼로보텍,경남 김해시 유하로226번길 86-8(장유동) ,www.hr24.co.kr/,2022-12-01 오후 01:13:48
1784,헵시바(주),인천광역시 미추홀구 길파로 71번길 86,https://www.hebsiba.co.kr/,2022-12-01 오후 01:13:48
1785,혁신농기계,충남 당진시 합덕읍 성동리 393-2,hyuksin.co.kr/welcome.hs,2022-12-01 오후 01:13:48
1787,현대건설기계(주),"서울 종로구 율곡로 75, 현대빌딩12층 ",www.hyundai-ce.com/ko,2022-12-01 오후 01:13:48
1789,현대기술산업(주),"서울 강동구 성내로6길 31, 예은빌딩 2층 (성내로 6길 31)",www.hyundaiahu.co.kr/html/index.php,2022-12-01 오후 01:13:48
1790,현대농기계,전북 익산시 석암로 13길 78 (팔봉동 836-1번지),https://hd-agrimachine.com/,2022-12-01 오후 01:13:48
1791,현대산업,경북 경산시 와촌면 대동공단길 42-7,www.hyundai-industry.com,2022-12-01 오후 01:13:48
1792,(주)현대스마트냉동,충북 음성군 대소면 한삼로 150-33 ,,2022-12-01 오후 01:13:48
1793,(주)현대에너텍,경기 화성시 마도면 마도로 384-1 ,www.hdenertec.co.kr,2022-12-01 오후 01:13:48
1796,현대중공업(주),울산광역시 동구 방어진순환도로 1000,https://www.hhi.co.kr/,2022-12-01 오후 01:13:48
1797,현일테크(주),"인천 남동구 능허대로 625번길 164(고잔동, 남동공단 121B-1L) ",www.farmcaps.co.kr,2022-12-01 오후 01:13:48
1802,형제파트너,경상북도 구미시 옥계2공단로 73(국가2산업단지) ,www.hjp.kr/,2022-12-01 오후 01:13:48
1803,형주산업,경남 밀양시 산외면 남기동길 73,hj1.kr/,2022-12-01 오후 01:13:48
1805,(주)혜송,충북 영동군 양강면 과목리 681-1,www.farmvas.com/,2022-12-01 오후 01:13:48
1806,(주)혜지교역,서울특별시 송파구 충민로 10 (문정2동 292번지) 가든파이브툴 3층 C동 04/05/06호,www.craftsman.co.kr/,2022-12-01 오후 01:13:48
1807,(유)호남산업,전북 김제시 공덕면 청공로 712,www.honameng.co.kr/,2022-12-01 오후 01:13:48
1808,호동전자(주),대구 달서구 월암동 920-5번지,www.ionsaem.kr.ecplaza.net/,2022-12-01 오후 01:13:48
1810,(주)호범,경북 예천군 예천읍 봉덕로 14 ,,2022-12-01 오후 01:13:48
1811,호산테크(주),충북 옥천군 옥천읍 옥천농공길 53-4 ,hosan.info/,2022-12-01 오후 01:13:48
1812,(주)호암엔지니어링,전북 정읍시 태인면 태인공단1길 122 ,www.hoameng.com/,2022-12-01 오후 01:13:48
1814,홈앤가든(주),서울 영등포구 도신로 65길 8 (신길동),www.hngmall.co.kr/,2022-12-01 오후 01:13:48
1815,홍주위탁영농,충남 홍성군 홍성읍 소향길50번길 53 ,,2022-12-01 오후 01:13:48
1817,(주)화경인더스,경기도 하남시 미사강변중앙로7번안길 25 (풍산동) 유테크밸리 D동 401호,hwakyoung.com/,2022-12-01 오후 01:13:48
1820,화동화학,대구 달성군 옥포면 비슬로 387길 20 ,,2022-12-01 오후 01:13:48
1821,화성기계,충남 금산군 복수면 복수공단길 39 화성기계,www.xn--989az0a803bn3t.kr/,2022-12-01 오후 01:13:48
1822,(주)화성이엔지,"경기도 시흥시 마유로92번길 92, 326호(정왕동, 시화공단 3마) ",whaseng.com/,2022-12-01 오후 01:13:48
1823,화신농건(주),경기도 남양주시 경춘로 368 (다산동 668-3) 브릭스타워 702호호 ,www.whashinagri.co.kr/whashin/,2022-12-01 오후 01:13:48
1825,화인에너지(주),충청남도 금산군 추부면 추풍로 295,https://fineenergy.modoo.at/,2022-12-01 오후 01:13:48
1826,화인코왁(주),경기도 화성시 마도면 마도공단로5길 48,www.finekowac.com/en/index.html,2022-12-01 오후 01:13:48
1827,화인테크(주),경기 부천시 부천로198번길 18,www.fine-tech.com,2022-12-01 오후 01:13:48
1831,황금파종기,경기도 평택시 오성면 서동대로 2042,www.pajong.co.kr/,2022-12-01 오후 01:13:48
1832,황소건설기계(주),"경기 양주시 평화로 1800 (회정동), 경기 포천시 소홀읍 호국로 564",www.1800-1514.ezbuilder.co.kr/,2022-12-01 오후 01:13:48
1833,(주)황소농기계,대구 달성군 현풍읍 테크노대로2길 25 ,hwangso.kr/default/mp2/mp2_sub6.php?sub=06,2022-12-01 오후 01:13:48
1834,황조(주),경북 경주시 안강읍 두류길 149(주)황조,www.hwangjo.co.kr,2022-12-01 오후 01:13:48
1836,(주)효성산업,경북 성주군 대가면 참별로 2274 ,https://bbig10.wixsite.com/hyosung,2022-12-01 오후 01:13:48
1837,효성에너텍,충청북도 청주시 서원구 대원로 1(사직동),www.hse.kr/main.php,2022-12-01 오후 01:13:48
1839,효성테크,부산 강서구 녹산산단261로13번길 41,,2022-12-01 오후 01:13:48
1840,(주)효정산업,경남 사천시 축동면 서삼로 1189 ,www.hyojungi.com/,2022-12-01 오후 01:13:48
1842,효창위드유,경상북도 칠곡군 왜관읍 공단로13길 25,hcw21.co.kr/index.html,2022-12-01 오후 01:13:48
0232,(주)대광정밀,전북 남원시 광치산업1길 30-2 ,https://www.dksr.co.kr/,2022-12-01 오후 01:13:26
0233,(주)대광파워텍,경기 화성시 서신면 제부로654번길 46-16 ,,2022-12-01 오후 01:13:26
0235,대구테크,대구 중구 태평로 270 ,,2022-12-01 오후 01:13:26
0236,대구특수기공사,대구 북구 침산동750-1번지,www.dasmac.co.kr,2022-12-01 오후 01:13:26
0237,(주)대길,대구 달성군 옥포면 본리로 15-18 ,,2022-12-01 오후 01:13:26
0239,대농엔지니어링,경북 경산시 용성면 원효로 1261-7 ,dneng.co.kr,2022-12-01 오후 01:13:26
0240,(주)대덕따슴이,대전 대전 동구 곤룡로 68-12 ,www.daedukse.com,2022-12-01 오후 01:13:26
0241,대덕테크,경북 고령군 성산면 성산로 804 ,,2022-12-01 오후 01:13:26
0242,(주)대도엔텍,경기 고양시 일산동구 호수로358-39 412호 ,,2022-12-01 오후 01:13:26
0243,대동공업(주),대구광역시 달성군 논공읍 논공중앙로34길 35,https://ko.daedong.co.kr/,2022-12-01 오후 01:13:26
0244,대동광주기계,경기도 광주시 155,https://ko.daedong.co.kr/,2022-12-01 오후 01:13:26
0245,신대동기계,경북 칠곡군 동명면 경북대로 873 ,https://shindaedong.modoo.at/,2022-12-01 오후 01:13:26
0247,대동기업사,대구 북구 노원로1길 94-9 (노원동3가) ,www.daedongfan.com,2022-12-01 오후 01:13:26
0248,대동냉동산업,"대구광역시 수성구 수성로12길 15, B동 201호",xn--o30b05bwsu6p.com/,2022-12-01 오후 01:13:26
0249,대동농기계산업,대구광역시 달성군 논공읍 논공중앙로 34길 35 ,https://ko.daedong.co.kr/,2022-12-01 오후 01:13:26
0251,대동산업,경북 칠곡군 약목면 복성10길9 ,,2022-12-01 오후 01:13:26
0252,대동엔지니어링(주),경상북도 구미시 공단2동 260-10,daedonginc.com/,2022-12-01 오후 01:13:27
0253,대동전기(주),대구광역시 서구 염색공단천로 14길 11(비산동) ,ddem.co.kr/index.html,2022-12-01 오후 01:13:27
0255,대동테크,경북 경산시 하양읍 지식산업1로 95 ,www.ddtech.co.kr,2022-12-01 오후 01:13:27
0256,(주)대동프리저,경기 김포시 대곶면 대명항로 508-23 ,,2022-12-01 오후 01:13:27
0258,(주)대륙기계,경북 의성군 봉양면 농공마전길 32-11 ,,2022-12-01 오후 01:13:27
0259,대륜산업(주),전북 완주군 봉동읍 완주산단7로 115 ,,2022-12-01 오후 01:13:27
0260,대림ENG,서울특별시 동작구 신대방동 395-73,www.daerimeng.kr/www/,2022-12-01 오후 01:13:27
0262,대림기계,경삭북도 경산시 하양읍 가마실길 50,daerim119.com/,2022-12-01 오후 01:13:27
0263,(주)대림농자재,경북 성주군 선남면 나선로 1030-8 ,,2022-12-01 오후 01:13:27
0266,대명,서울특별시 금천구 두산로 39(서울특별시 금천구 독산동 302-10 대명빌딩),dmcq.co.kr/,2022-12-01 오후 01:13:27
0267,대명산업,충남 천안시 동남구 풍세면 풍세산단2로 27 ,,2022-12-01 오후 01:13:27
0269,(주)대명테크놀,경북 성주군 성주읍 성산9길 83 ,,2022-12-01 오후 01:13:27
0270,대명파워솔라(주),서울특별시 중랑구 상봉로 56 1f ,https://powerled.co.kr/,2022-12-01 오후 01:13:27
0271,대산이엔지,서울시 중구 충무로9길 29 우리빌딩 4층 (을지로 3가),www.daesanlab.co.kr/,2022-12-01 오후 01:13:27
0273,(주)대상이앤씨,전남 장성군 황룡면 추암로 79 ,,2022-12-01 오후 01:13:27
0275,대선정밀,경기도 파주시 파주읍 성현로 60-17,www.daesungpr.co.kr/main/index.php,2022-12-01 오후 01:13:27
0276,대성ENG,경북 칠곡군 지천면 신동로5길 59 ,,2022-12-01 오후 01:13:27
0277,대성공사,부산시 사하구 장평로 장평로 286-1 암호빌딩 2층 ,www.daesungcp.com/,2022-12-01 오후 01:13:27
0278,대성공조,경기도 광명시 노온사동 912번지,www.dsac.co.kr/,2022-12-01 오후 01:13:27
0279,대성기계,강원 철원군 동송읍 골말길 28 ,,2022-12-01 오후 01:13:27
0281,(주)대성기연,경기 파주시 파주읍 성현로 60-17 ,,2022-12-01 오후 01:13:27
0283,대성농기계,충북 청주시 상당구 가덕면 단재로 1682-15 ,www.daesungs.co.kr,2022-12-01 오후 01:13:27
0285,대성산업ENG,경기 화성시 마도면 쌍송북로 64-16 ,,2022-12-01 오후 01:13:27
0287,(주)썬빅대성에너텍,"경기 시흥시 마유로 42번길 75-1, 3바 302-2호 ",www.daesungenertec.co.kr/,2022-12-01 오후 01:13:27
0288,(유)대성이엔지,전북 정읍시 북면 정신로 84 ,,2022-12-01 오후 01:13:27
0289,대성이엔티,경기도 용인시 처인구 이동읍 덕성산단1로 28번길 14,www.dsent.kr/inc_html/index.html,2022-12-01 오후 01:13:27
0292,대성중공업(주),전라남도 영암군 삼호읍 나불로 235,www.mdshi.com/,2022-12-01 오후 01:13:27
0293,대성축산기계,경기 양주시 백석읍 부흥로910번길 134 ,,2022-12-01 오후 01:13:27
0294,대성특수플라우,충청북도 청원군 오창읍 중부로 1435,daes.co.kr/,2022-12-01 오후 01:13:27
0296,(주)대신에이씨엠,경북 예천군 보문면 산단길 14-5 가동 ,,2022-12-01 오후 01:13:27
0297,대신정공(주),경남 진주시 동진로 335번길 13 ( 상대동),idaeshin.co.kr/,2022-12-01 오후 01:13:27
0300,대양이앤브이,경북 경산시 남산면 반지길 116-43 ,,2022-12-01 오후 01:13:27
0301,대연산업,광주 광산구 목련로219번길 102-35 ,,2022-12-01 오후 01:13:27
0304,대영산업(주),경기도 화성시 팔탄면 화당길61 B동 대영테크,d-youngnct.com/,2022-12-01 오후 01:13:27
0306,대영지에스(주),대구 수성구 지범로 78 ,,2022-12-01 오후 01:13:27
0308,대우기공,인천광역시 계양구 효성2동 200-5 이백빌딩 2층 ,daewoomm.co.kr/main/sub/product/process.html,2022-12-01 오후 01:13:27
0309,대우사,전북 익산시 목천로2길 95,xn--vk1b82x8te.xn--3e0b707e/,2022-12-01 오후 01:13:27
0310,대우정공,경북 칠곡군 지천면 지천로 487-2 ,,2022-12-01 오후 01:13:27
0312,대원GSI(주),경상북도 칠곡군 왜관읍 아곡6길 42,www.daewon.com/,2022-12-01 오후 01:13:27
0314,대원정공(주),전북 임실군 덕치면 인덕로 1036 ,www.daewoen.com,2022-12-01 오후 01:13:27
0315,(주)대원지에스아이,경북 칠곡군 왜관읍 아곡6길 42 ,www.daewon.com,2022-12-01 오후 01:13:27
0318,대일상사,경북 경산시 경안로48길 17 ,,2022-12-01 오후 01:13:27
0319,대일정밀,대구 북구 노원동로12길 40 ,-,2022-12-01 오후 01:13:27
0320,대자연산업(주),"충청북도 옥천군 옥천읍 금장로 95 ,101호",dzy.co.kr/p0104.php,2022-12-01 오후 01:13:27
0321,대전공업(주),경상남도 김해시 진례면 고모로 496,kor.daechun.co.kr/,2022-12-01 오후 01:13:27
0322,대전기계공업(주),경기 평택시 서탄면 수월암4길 239 ,,2022-12-01 오후 01:13:27
0323,대주산업기계,대구 달성군 유가읍 테크노순환로4길 25,https://www.djair.co.kr/main/,2022-12-01 오후 01:13:27
0324,대주테크,서울시 광진구 구의 강변로 44 남전빌딩(구의동 594-4),www.daejooinc.com/index.php,2022-12-01 오후 01:13:27
0326,대지하이텍,경북 고령군 성산면 어곡리 27 ,,2022-12-01 오후 01:13:27
0327,(주)대진냉동,충북 음성군 대소면 한삼로 107-6 ,,2022-12-01 오후 01:13:27
0328,대진기계,부산광역시 사상구 낙동대로 1238(삼락동 416-30번지),www.grindingmc.com/,2022-12-01 오후 01:13:27
0329,대진정공(주),전라북도 완주군 봉동읍 완주산단2로 273,djgmotors.com/,2022-12-01 오후 01:13:27
0330,대창기계,인천광역시 남동구 능허대로 577번길 133,daechangdcm.co.kr/,2022-12-01 오후 01:13:27
1844,후레쉬팜(주),경기 평택시 진위면 하북리 186-4번지(1층),https://cafe.naver.com/fanstar1200 (블로그),2022-12-01 오후 01:13:48
1845,휴먼종합개발(주),"강원도 원주시 시청로 24, 더큼프라자 7층",www.humandc.com/,2022-12-01 오후 01:13:48
1846,(주)911흙사랑,경기 평택시 서탄면 서탄로 294 ,www.powerspray.net,2022-12-01 오후 01:13:48
1847,흥농피앤디,경북 상주시 경상대로 2697-7 ,,2022-12-01 오후 01:13:48
1848,흥성공업(주),충남 아산시 도고면 온천대로 160,www.heungseong.co.kr/,2022-12-01 오후 01:13:48
1852,카고텍코리아(주),충북 청주시 흥덕구 강내면 황탄리길 64,www.hiab.co.kr/,2022-12-01 오후 01:13:48
1853,히타엔지니어링,부산 강서구 대저로 155번길 105-18 ,,2022-12-01 오후 01:13:48
1855,지아이조경건설(주),부산광역시 해운대구 센텀2로 33 센텀뷰라움 2306호,gilandscape.com/,2022-12-01 오후 01:13:48
1860,(유)동아하이테크,전북 군산시 산단남북로 70 ,,2022-12-01 오후 01:13:48
1861,(유)인성테크,전남 광양시 눈소로 13(마동) ,,2022-12-01 오후 01:13:48
1862,(주)그린모빌리티,대구 달성군 구지면 국가산단서로50길 5 ,,2022-12-01 오후 01:13:48
1864,(주)나우이엔에스,경남 김해시 진례면 테크노밸리1로 20-20 ,,2022-12-01 오후 01:13:48
1867,(주)뉴택,대구 달성군 구지면 달성2차 3로 53 ,,2022-12-01 오후 01:13:48
1868,(주)대동,서초구 서초구 남부순환로 2493 ,www.daedong.co.kr,2022-12-01 오후 01:13:48
1870,(주)대동모빌리티,경기 안성시 대덕면 서동대로 4867-11 ,www.hanchain.co.kr,2022-12-01 오후 01:13:48
1871,(주)대륙,전남 함평군 해보면 해보농공길 7-30 ,,2022-12-01 오후 01:13:48
1873,(주)대풍이브이자동차,전남 영광군 대마면 전기차로133 ,,2022-12-01 오후 01:13:48
1874,(주)대흥금속,충남 아산시 신창면 학성로 82 ,,2022-12-01 오후 01:13:48
1875,(주)더블유엔에스,경기 양평군 양평읍 양근로 463 ,,2022-12-01 오후 01:13:48
1876,(주)만물공작소,경남 사천시 정동면 풍정길 5-2 ,,2022-12-01 오후 01:13:48
1879,(주)바이에스투,"서울 서초구 효령로 60길 23-9, 1층 ",www.bysto.co.kr,2022-12-01 오후 01:13:48
1880,(주)바이오냉동산업,제주 제주시 한림읍 광산로 345-16 ,,2022-12-01 오후 01:13:48
1881,(주)바이오라인,"전북 전주시 덕진구 반룡로 111, 전자부품연구원 IT동 201호 ",,2022-12-01 오후 01:13:48
1883,(주)보경팜테크,경북 경산시 와촌면 하양로 471 ,,2022-12-01 오후 01:13:48
1884,(주)보성,"인천 남동구 남촌동 630-3, 43블록 7롯트 ",https://beamrc.co.kr/,2022-12-01 오후 01:13:48
1885,(주)부산공조,경남 김해시 유하로226번길 90-6 ,,2022-12-01 오후 01:13:48
1886,(주)비디이엔지,전남 장성군 동화면 전자농공단지1길 12 ,,2022-12-01 오후 01:13:48
1887,(주)사이언스테크,충남 천안시 동남구 풍세면 하도1길 55-39 ,,2022-12-01 오후 01:13:48
1888,(주)선플러스,부산 수영구 수미로 26번길 69 ,,2022-12-01 오후 01:13:48
1889,(주)성구산업,경기 부천시 연동로 132번길 17-12 ,,2022-12-01 오후 01:13:48
1890,(주)성도하이테크,"경북 안동시 풍산읍 괴정2길 106-17, 403동-404동 ",sungdoland.co.kr,2022-12-01 오후 01:13:48
1894,(주)신기,충남 천안시 서북구 성거읍 봉주로 179 ,,2022-12-01 오후 01:13:48
1897,(주)아그로스,경기 안성시 미양면 서변1길 52 ,www.ansung.co.kr,2022-12-01 오후 01:13:48
1899,(주)아이토브,울산 북구 농공단지4길 40 ,,2022-12-01 오후 01:13:48
1900,(주)아이티,경북 김천시 농공단지2길 71(신음동) ,www.inte.co.kr,2022-12-01 오후 01:13:48
1901,(주)아이팩글로벌,경기 화성시 장안면 석포로325-15 ,,2022-12-01 오후 01:13:48
1905,(주)에스에스에너지,"인천 부평구 부평북로236번길 12, 2층 ",,2022-12-01 오후 01:13:48
1906,(주)에스엠소프트,전남 나주시 도민길 50 ,,2022-12-01 오후 01:13:48
1907,(주)에이엠시스템,대전 유성구 가정북로 96 405호 ,www.amsystem11.com,2022-12-01 오후 01:13:48
1909,홈넷홈(주),"서울 영등포구 양산로43, 301호 ",,2022-12-01 오후 01:13:48
1911,(주)에이치비,전남 영광군 대마면 전기차1로 133 ,,2022-12-01 오후 01:13:48
1912,(주)에이치케이엠,"인천 남동구 앵고개로449번길 91, 2층 ",,2022-12-01 오후 01:13:48
1915,(주)엠씨바이오텍,전남 곡성군 입면 437 바이오융합 창업보육센터 101-C호 ,,2022-12-01 오후 01:13:48
1916,(주)오투엔비,"서울 금천구 가산동 327-32, 대륭테크노타운 12차 401호 ",,2022-12-01 오후 01:13:48
1917,(주)원강바이오,"경기 하남시 조정대로 150, 445호 ",,2022-12-01 오후 01:13:48
1918,(주)이상플랜트,대구 달서구 성서로5길 111 ,,2022-12-01 오후 01:13:48
1919,(주)이오스하이텍,강원 원주시 문막읍 원문로2146 ,,2022-12-01 오후 01:13:48
1922,(주)자연,전남 장흥군 장흥읍 제암산길32 ,,2022-12-01 오후 01:13:48
1924,(주)제인모터스,대구 달성군 구지면 국가산단대로33길 40 ,,2022-12-01 오후 01:13:48
1925,(주)제일산업,경기 광주시 곤지암읍 신대길 183-34 ,,2022-12-01 오후 01:13:48
1927,(주)중부판넬,충남 금산군 복수면 복수공단길 11 ,,2022-12-01 오후 01:13:48
1928,(주)청운,경남 함안군 칠서면 공단북안길 61 ,,2022-12-01 오후 01:13:48
1929,(주)캡스타,"경기 안산시 단원구 신원로133번길 44, 2동201호 ",,2022-12-01 오후 01:13:48
1930,(주)케이드론,충남 금산군 부리면 창평로 346 ,,2022-12-01 오후 01:13:48
1931,(주)퀵센,"충남 천안시 동남구 단대로119, 209호 ",www.quicksen.co.kr/,2022-12-01 오후 01:13:48
1935,(주)하늘항공,전북 전주시 덕진구 원만성로106(한국탄소융합기술원 신상품개발지원센터 322호) ,,2022-12-01 오후 01:13:48
1936,(주)하이롬,광주 광산구 하남산단3번로 90 ,,2022-12-01 오후 01:13:48
1940,(주)현진기업,전남 장성군 남면 나노산단5로 45 ,,2022-12-01 오후 01:13:48
1941,(주)티와이엠,서울 강남구 언주로133길 7 대용빌딩 2~3층 ,www.tym.co.kr,2022-12-01 오후 01:13:48
1942,(주)티지에스코리아,세종 연동면 내판로 127-11 ,,2022-12-01 오후 01:13:48
1943,(주)푸트로랩,"인천 연수구 갯벌로 58, 3층(3-1,3-2호) ",,2022-12-01 오후 01:13:48
1944,(주)호룡,전북 김제시 만경읍 만경공단 2길 73 ,,2022-12-01 오후 01:13:48
1946,(주)화신정공,대구 대구 달서구 성서서로48길 23 ,,2022-12-01 오후 01:13:48
1948,LG전자(주),서울 영등포구 여의대로 128 ,,2022-12-01 오후 01:13:48
1949,YW농기계,전남 보성군 보성읍 동암1길 221 ,,2022-12-01 오후 01:13:48
1951,기찬보일러(주),"경북 경산시 하양읍 가마실길 50, 303호 ",,2022-12-01 오후 01:13:48
1952,남도,경남 사천시 곤양면 석문길 513 ,,2022-12-01 오후 01:13:48
1953,남도공업사,경남 사천시 축동면 배춘길 100 ,,2022-12-01 오후 01:13:48
1954,남산농기계,경북 경산시 자인면 산양길 19-19 ,,2022-12-01 오후 01:13:49
1955,녹 원,충북 음성군 생극면 오신로 242 ,,2022-12-01 오후 01:13:49
1956,농경마을,대전 유성구 교촌로 12 ,,2022-12-01 오후 01:13:49
1959,대농하이텍,경북 성주군 용암면 사곡2길 20 ,www.dnht.co.kr,2022-12-01 오후 01:13:49
1960,대동기업(주),충남 예산군 예산읍 충서로 889 신진기계상사 ,,2022-12-01 오후 01:13:49
1961,대성그린텍,대구 달성군 옥포면 비슬로387길7 ,,2022-12-01 오후 01:13:49
1962,대성하이원(주),경기 화성시 팔탄면 버들로 1318번길 12-11 ,,2022-12-01 오후 01:13:49
1963,대신테크,대구 달성군 논공읍 노이길365-5 ,,2022-12-01 오후 01:13:49
1964,대원냉동,경북 구미시 산업로 86-1 ,,2022-12-01 오후 01:13:49
1965,데솔(주),"경기 부천시 서촌로44번길 24, 1층 ",,2022-12-01 오후 01:13:49
1967,동영테크,"경북 영천시 천문로 181, 4층 12호 경북테크노파크 ",,2022-12-01 오후 01:13:49
1969,디어하우스,경기 여주시 장여로 1518 ,,2022-12-01 오후 01:13:49
1973,명심볼트산업사,대구 북구 검단공단로21길 42-12 ,,2022-12-01 오후 01:13:49
1974,미라판넬(주),경기 평택시 고덕면 동고3길 18 ,,2022-12-01 오후 01:13:49
1975,바우컴퍼니(주),전북 정읍시 북면 3산단 4길 60 ,,2022-12-01 오후 01:13:49
1976,보금냉열,대구 대구 동구 화랑로108길 10-7 ,,2022-12-01 오후 01:13:49
0334,대풍기계(주),경남 창원시 의창구 대산면 가술산단로 66 ,"대풍농기,kr",2022-12-01 오후 01:13:27
0335,대풍농기,경상북도 경산시 자인면 원효로 156길 81-10 대한산업,deahan.biz/,2022-12-01 오후 01:13:27
0337,(주)대풍종합기계,전남 해남군 옥천면 해강로 45 ,,2022-12-01 오후 01:13:27
0340,대한공조(주),경기도 오산시 독산성로 342,www.idhc.co.kr/,2022-12-01 오후 01:13:27
0341,대한모터스,경기도 이천시 호법면 매곡리 967,daehan.fsk.or.kr/,2022-12-01 오후 01:13:27
0343,대한산업,경상북도 경산시 자인면 원효로 156길 81-10 대한산업 ,deahan.biz/,2022-12-01 오후 01:13:27
0345,(주)대한테크놀로지,전남 함평군 해보면 산내길 466-27 ,,2022-12-01 오후 01:13:27
0347,(주)대현전열,경기 화성시 팔탄면 온천로 16-49 ,,2022-12-01 오후 01:13:27
0349,대호기계,경북 고령군 성산면 성산로 1019-5 ,,2022-12-01 오후 01:13:27
0350,대호(주),충북 옥천군 동이면 금강로 145 ,www.daehov.com,2022-12-01 오후 01:13:27
0351,대화,부산 기장군 기장읍 청강로74번길 54 ,www.pusandh.com,2022-12-01 오후 01:13:27
0352,대화펌프,부산시 기장군 정관면 모전리 562-1,www.daehwa.biz/,2022-12-01 오후 01:13:27
0353,대흥기계공업(주),경상북도 칠곡군 왜관읍 공단로 223,www.dhcrusher.co.kr/,2022-12-01 오후 01:13:27
0355,대흥종합기계,경기도 인양시 동안구 호계동 안양국제유통단지 29동 110동 111호,xn--989az0au9hv50apxobzc.kr/,2022-12-01 오후 01:13:27
0356,대흥하이테크,"대구 달서구 구마로9길 49, 3층 ",,2022-12-01 오후 01:13:27
0358,(주)더원,광주 북구 첨단벤처로 98 ,,2022-12-01 오후 01:13:27
0359,더존건조기,"서울시 강남구 테헤란로 123, 경기도 안산시 단원구 원포공원1로 59, 에이동 114호",https://xn--9m1bn3g8try0h.com/model/list.php?ca_id=009002,2022-12-01 오후 01:13:27
0360,더한기술(주),대전광역시 유성구 테크노2로 23(관평동),thehan.co.kr/?page_id=1246,2022-12-01 오후 01:13:27
0363,덕인환경(주),광주 광산구 금봉로64번길 21,deokeon.com/,2022-12-01 오후 01:13:27
0364,데스코전자,경기 이천시 신둔면 마소로 11번길 178 ,,2022-12-01 오후 01:13:27
0365,도경산업,경기 안성시 죽산면 장원남산1길 46-44 ,,2022-12-01 오후 01:13:27
0366,(주)도부,전북 김제시 순동산단길 179 ,,2022-12-01 오후 01:13:27
0367,도안농기계,충청북도 증평군 증평읍 미암 195-1번지,www.doanfm.co.kr/,2022-12-01 오후 01:13:27
0368,도안농업기계(주),충북 증평군 증평읍 하평로 29 ,www.doanfm.co.kr,2022-12-01 오후 01:13:27
0371,동경기계,경상남도 양산시 산막공단북9길 126 ,https://blog.yeogie.com/gmpass/,2022-12-01 오후 01:13:27
0372,동광보일러(주),서울 구로구 경인로 53길 15 중앙유통단지 A동 701호,dkboiler.co.kr/,2022-12-01 오후 01:13:27
0374,(주)동광이엔지,전남 장성군 진원면 나노산단2로 81 ,,2022-12-01 오후 01:13:27
0375,동광테크,경북 칠곡군 왜관읍 공단로13길 26 ,,2022-12-01 오후 01:13:27
0378,동국기계,부산광역시 강서구 유통단지 1로 97번길 11(서부산 철강단지 129동),https://dongkuk21.modoo.at/,2022-12-01 오후 01:13:27
0379,동국에너지테크(주),경남 산청군 산수로 116-31,www.dkenergy.kr/,2022-12-01 오후 01:13:27
0380,동국정밀(주),대구광역시 달서구 성서공단북로5길 29 (파호동),https://blog.yeogie.com/dongkookp/,2022-12-01 오후 01:13:27
0382,동방테크놀(주),서울시 구로구 디지털로 272 한신 IT타워 417호,www.dbdt.co.kr/,2022-12-01 오후 01:13:27
0383,동부기계,제주 서귀포시 토평공단로 127 ,,2022-12-01 오후 01:13:27
0386,동서그린산업(주),광주광역시 북구 첨단벤처소로37번길 21 ,www.dongseoco.com/intro.php,2022-12-01 오후 01:13:27
0387,(주)동서그린,광주 북구 첨단벤처소로 37번길 21 ,dongseoco.com,2022-12-01 오후 01:13:27
0388,동서기계,"서울 금천구 가산디지털1로 84, 에이스하이앤드타워8차 10층 1008호",www.baierasia.com/home/,2022-12-01 오후 01:13:27
0389,동서디앤씨(주),경북 경산시 진량읍 일연로 653,dongseodnc.theione.kr/,2022-12-01 오후 01:13:27
0390,동서포장기계,서울시 금천구 가산디지털 2로 40호,www.dspacksystem.co.kr/html/main.html,2022-12-01 오후 01:13:27
0391,동성기계,"경기 파주시 교하로 1171-1, 1동 ",,2022-12-01 오후 01:13:27
0392,동성에너지(주),경기 화성시 팔탄면 서해로 987번길 11 ,www.dsboiler.kr/,2022-12-01 오후 01:13:27
0393,(주)동성에코테크,경기 평택시 청북면 한산길 165 ,www.dsteel.co.kr,2022-12-01 오후 01:13:27
0394,동성엔지니어링,경북 경산시 성암로21길 41(,www.dongsungeng.co.kr/include/,2022-12-01 오후 01:13:27
0395,동성정밀,경기도 김포시 대곶면 율마로 181번길 20,www.dong-sung.co.kr/,2022-12-01 오후 01:13:27
0396,동신에너텍(주),울산광역시 남구 용연로195번길 17 (,https://blog.yeogie.com/dongshin1/,2022-12-01 오후 01:13:27
0397,동신전열(주),경기도 화성시 비봉면 양노남길 74-12 ,www.dongsinheater.co.kr/,2022-12-01 오후 01:13:27
0398,동아기업,울산광역시 북구 효문동 816-7번지,www.dongakor.com/,2022-12-01 오후 01:13:27
0399,동아산업,경기도 화성시 장안면 무봉길 213,www.dacity.co.kr/,2022-12-01 오후 01:13:27
0401,동양기계(주),경북 경주시 현곡면 용담로 583-26 ,,2022-12-01 오후 01:13:27
0402,동양기업,경기도 화성시 향남읍 상신로 468-26,dy2014.co.kr/,2022-12-01 오후 01:13:27
0403,(주)동양농기계,충북 청주시 청원구 북이면 장양길 92-39 ,,2022-12-01 오후 01:13:27
0406,(유)동양실업,전남 강진군 강진읍 금릉6길 30 ,,2022-12-01 오후 01:13:27
0407,동양엔지니어링,충청남도 아산시 둔포면 산전길55번길 76,www.dyeng22.net/,2022-12-01 오후 01:13:27
0408,동양종합기계,경북 영천시 화산면 화산공단길 26 ,,2022-12-01 오후 01:13:27
0411,동양파쇄기,대구광역시 북구 호국로 21-25,https://www.dytechtool.com/,2022-12-01 오후 01:13:27
0412,동영산업,대구 달성군 구지면 구지서로 63 ,,2022-12-01 오후 01:13:27
0413,동우ENG,경기도 광주시 새재길 182번길 70 ,www.dw-fuji.co.kr/,2022-12-01 오후 01:13:27
0414,동우산업,부산시 북구 사상로 610-1,www.hanilduct.kr/market/main/product_list.html?category_num=209,2022-12-01 오후 01:13:27
0415,(유)동우솔루션,전북 전주시 덕진구 용신길 26-5 ,,2022-12-01 오후 01:13:27
0416,동우에이스(주),전라북도 군산시 서수면 상장곤윗길 56,www.dongwooace.co.kr/,2022-12-01 오후 01:13:27
0417,동우이엔지,경기도 화성시 마도면 마도로 396,www.dweng21.kr/default/,2022-12-01 오후 01:13:27
0418,동원전기,대구 중구 교동4길 12 ,,2022-12-01 오후 01:13:27
0419,동원테크,대구 서구 팔달로2길 9 ,www.dwec.net,2022-12-01 오후 01:13:27
0420,동은개발진흥(주),서울 종로구 창경궁로 112-7,dongeun2000.com/,2022-12-01 오후 01:13:27
0421,동인공업(주),전북 정읍시 북면3산단 2길 67 ,www.cowloader.co.kr,2022-12-01 오후 01:13:27
0422,(주)동일디엠시,대구 달서구 성서공단북로77길 37 ,,2022-12-01 오후 01:13:27
0423,동일브레이징(주),경남 김해시 진영읍 김해대로 767,dibr.co.kr/,2022-12-01 오후 01:13:27
0424,동일세창기계,경기 안산시 단원구 번영로10번길 45,dongeun2000.com/,2022-12-01 오후 01:13:27
0425,동일정밀,경기도 김포시 통진읍 김포대로 2462번길 21-19 동일정밀공업(주),www.dipind.com/,2022-12-01 오후 01:13:27
0426,(주)동일캔바스엔지니어링,경기 평택시 서탄면 내천길 105-10 ,canvaskorea.com,2022-12-01 오후 01:13:27
0428,(주)동조,서울 종로구 필운대로 108-6 ,www.dongjo.co.kr,2022-12-01 오후 01:13:27
0429,동진기계,광주 남구 이동길 222-19 ,,2022-12-01 오후 01:13:27
0430,동진이앤씨(주),"경상북도 김천시 혁신로 185, 2층 230호",dongjinenc.kr/main/main.html,2022-12-01 오후 01:13:27
1977,볼칸,대구 북구 노원로1길 196-15 ,,2022-12-01 오후 01:13:49
1978,부흥기산(주),대구 북구 팔달북로 86 ,,2022-12-01 오후 01:13:49
1981,새한일,경남 진주시 대신로208번길 16(상대동) ,,2022-12-01 오후 01:13:49
1982,성진산업(주),경기 평택시 서탄면 수월암2길 81 ,,2022-12-01 오후 01:13:49
1983,세원오케이(주),부산 동래구 중앙대로 1277번길 92 ,www.swoke.co.kr,2022-12-01 오후 01:13:49
1984,순돌이드론,"경기 하남시 하남대로 947, C-1202 ",www.sundori.net,2022-12-01 오후 01:13:49
1985,신성히트,경기도 광주시 오포읍 세피내길 82 ,blog.naver.com/sshsys,2022-12-01 오후 01:13:49
1986,신한일종합기계,광주 북구 첨단벤처소로37번길 64 ,,2022-12-01 오후 01:13:49
1987,신형에너지,경북 상주시 함창읍 오동1길 71 ,,2022-12-01 오후 01:13:49
1988,심우스틸(주),경기 평택시 청북읍 백봉길 120 ,,2022-12-01 오후 01:13:49
1989,싱싱기계,경기 화성시 남양읍 신남안길 233-11 ,,2022-12-01 오후 01:13:49
1990,아이제트-포그,경남 김해시 상동면 상동로 197번길 34-20 ,www.foggers.co.kr,2022-12-01 오후 01:13:49
1992,안신하이텍,제주 제주시 조천읍 함대로119-1 ,,2022-12-01 오후 01:13:49
1994,에스엠기계,전남 영암군 덕진면 백운선로 8 ,www.sm70.co.kr,2022-12-01 오후 01:13:49
1995,에이에프아이(주),"경기 화성시 동탄기흥로602, 더퍼스트타워3 504호 ",,2022-12-01 오후 01:13:49
1996,에이치엘테크,경남 김해시 진례면 진례로 371번길 53 ,,2022-12-01 오후 01:13:49
1998,영신건재,경북 영천시 신녕면 동산길2 ,,2022-12-01 오후 01:13:49
2000,디에이치테크(주),충남 천안시 서북구 천안대로 1321-15 ,,2022-12-01 오후 01:13:49
2001,오로라LED(주),"인천 남동구 청능대로 410번길 79, 남동공단 98B 10L ",,2022-12-01 오후 01:13:49
2002,우성이엔지,광주 광산구 상무대로 357 ,,2022-12-01 오후 01:13:49
2004,은진냉동산업,경북 상주시 복룡냉림길 67 ,,2022-12-01 오후 01:13:49
2005,이카루스,경북 고령군 개진면 치산길3 ,,2022-12-01 오후 01:13:49
2006,일진농기계,대구 서구 북비산로 75길 18-15 ,,2022-12-01 오후 01:13:49
2007,재우판넬,대구 달서구 성서서로 157-14 ,,2022-12-01 오후 01:13:49
2010,중원,전남 장성군 황룡면 강변로 484-21 ,,2022-12-01 오후 01:13:49
2013,진일산업,경북 영천시 양호길 5 ,,2022-12-01 오후 01:13:49
2014,코리온농업기계,"전북 정읍시 북면 서부산업도로 747, 2동 ",,2022-12-01 오후 01:13:49
2015,코태치,충북 진천군 초평면 대두길 18-15 ,,2022-12-01 오후 01:13:49
2017,포스트팜,"경기 용인시 기흥구 흥덕중앙로120, 유-타워 b143~145(영덕동) ",,2022-12-01 오후 01:13:49
2018,하나에너텍,전남 담양군 담양읍 에코산단3로 52 ,,2022-12-01 오후 01:13:49
2020,한국코로나(주),경기 시흥시 엠티브이25로 58번길 33 ,,2022-12-01 오후 01:13:49
2022,한창냉동ENG,경북 경산시 하양읍 화성로 147 ,,2022-12-01 오후 01:13:49
2029,(주)세원케이씨에이,경기 평택시 오성면 창신뜰길 10 ,,2022-12-01 오후 01:13:49
2030,포항과수전문기계,경북 포항시 기계면 새마을로 1750 ,,2022-12-01 오후 01:13:49
2034,(주)수도프리미엄엔지니어링,"서울 서초구 반포대로 4길 13, 수도CAC빌딩 3층 ",,2022-12-01 오후 01:13:49
2035,(주)에이스플라즈마,"경기 김포시 양촌읍 황금로 324번길49, 2층 ",,2022-12-01 오후 01:13:49
2036,(주)엘케이마끼다총판,서울 영등포구 선유로 151(LK사옥) ,,2022-12-01 오후 01:13:49
2037,(주)유엔지테크놀러지,인천 남동구 능허대로 577번길 158 ,,2022-12-01 오후 01:13:49
2040,(주)코리아에너시스,"경기 안양시 동안구 벌말로 66, A동 1013호 ",,2022-12-01 오후 01:13:49
2041,(주)한국펌프앤시스템즈,경기 파주시 탄현면 방촌로 955번길 34-89 ,,2022-12-01 오후 01:13:49
2049,대성히트에너시스(주),충북 음성군 삼성면 상곡로 55-72 ,,2022-12-01 오후 01:13:49
2050,디제이아이테크놀로지코리아(유),서울 마포구 어울마당로 140 ,,2022-12-01 오후 01:13:49
2053,한국농업기술지주(주),광주 광주 북구 첨단벤처소로37번길 67-11 ,,2022-12-01 오후 01:13:49
0431,동진정공(주),경상남도 김해시 진영읍 서부로179번길 56,dongjinco.com/?lang=ko,2022-12-01 오후 01:13:27
0432,동진테크,대구 북구 노원로 40길 31 ,,2022-12-01 오후 01:13:27
0434,동한테크(주),전북 익산시 은기길 326-16 ,www.donghantech.com,2022-12-01 오후 01:13:27
0435,동호기전(주),충남 천안시 동남구 동면 화복로 132 ,www.dh8744.com,2022-12-01 오후 01:13:27
0436,동호농기,강원 평창군 용평면 궁항동길 122-6 ,,2022-12-01 오후 01:13:27
0437,동화산업,인천 남동구 남동동로 124번길 25,dhmtech.com/,2022-12-01 오후 01:13:27
0438,동화엔텍(주),부산광역시 강서구 녹산산단 261로 7 (,https://www.dh.co.kr/,2022-12-01 오후 01:13:27
0439,동화정밀(주),서울특별시 금천구 독산동 332-42,https://dhprecision.modoo.at/,2022-12-01 오후 01:13:27
0441,두경산업,전북 남원시 문오로 458-4 ,,2022-12-01 오후 01:13:27
0442,(주)두렁농기계,전남 담양군 용면 통시암길 61 ,,2022-12-01 오후 01:13:27
0443,두레ENG,전남 광양시 옥곡면 신금산단5길 40 (,www.dureco.co.kr/dureco/,2022-12-01 오후 01:13:27
0444,두레농업기계,경남 하동군 하동읍 군청로 210 ,,2022-12-01 오후 01:13:27
0445,두루기계(주),경기 안성시 원곡면 지산길 152 ,www.dooroo21.com/,2022-12-01 오후 01:13:27
0446,두루기계통상,충남 아산시 둔포면 윤보선로336번길 55-15   ,www.dooroo21.com,2022-12-01 오후 01:13:27
0448,두산냉동산업(주),"경기 경기도 용인시 처인구 용문로 30-8, 204동 5호 ",,2022-12-01 오후 01:13:27
0450,두산밥캣코리아(주),"서울 중구 장충단로 275, 두산타워 23층 ",,2022-12-01 오후 01:13:27
0452,두산산업차량인천공장(주),인천 동구 인중로 468,https://www.doosan-iv.com/kr/,2022-12-01 오후 01:13:27
0453,(주)두산산업차량,"서울 중구 장충단로 275, 두산타워빌딩 21층 ",,2022-12-01 오후 01:13:27
0455,두산인프라코어(주),인천 동구 인중로 489 두산인프라코어(주),https://www.hyundai-di.com/kr,2022-12-01 오후 01:13:27
0458,두성농기계(주),경기 광주시 초월읍 용수길 32번길 20-12 ,,2022-12-01 오후 01:13:27
0460,두성사,경남 김해시 진례면 서부로 476번길 100-12 ,,2022-12-01 오후 01:13:27
0462,두성특장차(주),경기도 시흥시 정왕동 2100-2 시화공업단지 3마 516,https://doosungmc.modoo.at/?link=bmesp8os,2022-12-01 오후 01:13:27
0466,두원,대구 달성군 하빈면 하산길 45-17 ,,2022-12-01 오후 01:13:27
0468,드림엔지니어링,서울시 영등포구 영산로 20길 12,dreameng.co.kr/,2022-12-01 오후 01:13:27
0469,드림파워에너지(주),대전광역시 유성구 온구비로8  301호,dreng.net/,2022-12-01 오후 01:13:27
0472,디엔디전자(주),경기 안양시 동안구 관양동 799번지 안양메가벨리 207호,www.naoclean.com/Home/Main,2022-12-01 오후 01:13:27
0473,디엠씨(주),[본 사] 경기도 화성시 장안면 장안로 480-2 [경남지사] 경상남도 양산시 상북면 수서로 92,dmckorea.com/default/index.php,2022-12-01 오후 01:13:27
0474,디원팩(주),경기도 화성시 향남읍 토성로 130-34 (백토리),theonepack.ewebstory.com/,2022-12-01 오후 01:13:27
0476,라온시스템,경기 시흥시 수인로 3465번길 16 라온지식산업센터 ,www.yesraon.com,2022-12-01 오후 01:13:27
0477,(주)라이브맥,"경기 용인시 기흥구 흥덕1로 13, B동 1212호 ",www.livemac.co.kr,2022-12-01 오후 01:13:27
0481,레파엔지니어링(주),경기 광주시 곤지암읍 독고개길 163-14,www.refaeng.co.kr/,2022-12-01 오후 01:13:27
0484,(주)로뎀코리아,강원 철원군 동송읍 북원로 1154 ,www.rodemkorea.kr,2022-12-01 오후 01:13:27
0485,로보드림(주),충북 옥천군 동이면 금강로 145 대호(주) ,,2022-12-01 오후 01:13:27
0486,로봇앤드디자인(주),경기도 용인시 처인구 경안천로 364,www.rnd.re.kr,2022-12-01 오후 01:13:27
0487,(주)로웰에스엠,전남 나주시 동수농공단지길 99-30 ,www.lohwellsm.co.kr,2022-12-01 오후 01:13:27
0489,(주)록원,광주 광산구 장록길38 ,https://www.rokone.net/,2022-12-01 오후 01:13:27
0490,(주)리더스,"부산 북구 효열로 111, 부산지식산업센터 605호 ",,2022-12-01 오후 01:13:27
0493,리텐전동차,경기 김포시 하성면 귀전로 185 ,www.leeten.co.kr,2022-12-01 오후 01:13:27
0494,(주)린도,경북 포항시 북구 흥해읍 해안로 960 ,www.rindo.co.kr,2022-12-01 오후 01:13:27
0499,(주)만조,대구광역시 달서구 월암동 905-20번지,www.manjo.kr,2022-12-01 오후 01:13:27
0501,맵스바이오펠릿(주),전남 화순군 한천면 모산리 234번지,blog.daara.co.kr/pelletman,2022-12-01 오후 01:13:27
0502,(주)멀티바이오,"대구 달서구 성서공단로39길 27, 뉴비젼지식산업센터 207호 ",www.multibio.co.kr/,2022-12-01 오후 01:13:27
0506,메가썬코리아,경기 안성시 고삼면 무사개울말길 56 ,www.megasun.co.kr,2022-12-01 오후 01:13:27
0507,(주)메가텍,경북 칠곡군 가산면 학상1길 159-28 ,mtc119.co.kr/kr/company/index.htm,2022-12-01 오후 01:13:27
0508,메리트엔지니어링,충남 예산군 삽교읍 상성길 67 ,,2022-12-01 오후 01:13:27
0510,메타로보틱스(주),"전북 익산시 함열읍 익산대로78길 13-6, 의료융합테크노빌 202호 ",metarobotics.com,2022-12-01 오후 01:13:27
0512,(주)메트릭시스템,"경기 화성시 팔탄면 버들로 1362번길 15-7, 201호 ",www.metric21.com/main.php?userAgent=PC,2022-12-01 오후 01:13:27
0515,명성종합기계,인천광역시 서부 봉수대로 1512 (금곡동),www.moungsung.co.kr/,2022-12-01 오후 01:13:27
0516,(주)명성,경기 평택시 은실고가길 63-1 ,www.myungsung.co.kr,2022-12-01 오후 01:13:27
0517,명성테크(주),충남 논산시 광석면 사계로333번길 12 ,www.myongsung.co.kr,2022-12-01 오후 01:13:27
0519,(주)명성프라콘,경기 포천시 호국로 1315번길42(어룡동) ,www.msgroup-agro.co.kr/,2022-12-01 오후 01:13:27
0521,명일기공,전북 김제시 복죽로 555 ,blog.naver.com/mi7980s,2022-12-01 오후 01:13:27
0522,(주)명진냉동기부속상사,충남 천안시 동남구 구성10길 6 ,,2022-12-01 오후 01:13:27
0523,명진아그리택,서울 중랑구 용마산로 122길 2 ,,2022-12-01 오후 01:13:27
0524,명진환경기계,충남 당진시 용연로 295 ,,2022-12-01 오후 01:13:27
0527,모두에너지,경기 평택시 청북읍 청원로 191-17 (토진리 199-1) ,modooe.co.kr/bin/minihome/neo_main758.htm?seq=8984,2022-12-01 오후 01:13:27
0529,(주)모지스,경기 부천시 오정로 27-11 ,,2022-12-01 오후 01:13:27
0530,목민기업,"경기 수원시 영통구 봉영로 1617 (영통동, 훼미리타워) 1419호",www.mokmin21.co.kr,2022-12-01 오후 01:13:27
0532,무경(주),울산광역시 남구 신정로  52 (달동 627-4),mukyung.co.kr/home/business.php?inc=business_01,2022-12-01 오후 01:13:27
0533,(주)무성항공,경기 평택시 신평로 236-1 ,,2022-12-01 오후 01:13:27
0535,무한테크,대구 달서구 성서공단북로 156 백산빌딩 102호,https://www.xn--v92b210bgta89j.kr/,2022-12-01 오후 01:13:27
0536,문성플라스틱,대전 동구 대전로 635 ,,2022-12-01 오후 01:13:27
0538,미가무역,전북 남원시 주천면 송치리 155-1(전북 남원시 주천명 송치길),https://cafe.daum.net/meegatrading,2022-12-01 오후 01:13:27
0541,(주)미듬,경기 여주시 가남읍 자유그린길 24-6 / 서울사무소: 서울특별시 성동구 천호대로 388(용답동),https://www.felcokorea.com/,2022-12-01 오후 01:13:27
0543,미래기술연구소(주),"경기 용인시 기흥구 고매로43번길 47-1 (공세동, 원당산업공장) (주) 미래기술연구소",ftrc.co.kr,2022-12-01 오후 01:13:27
0544,미래냉열산업,경기 화성시 팔탄면 노하리 557-8 ,,2022-12-01 오후 01:13:27
0546,미래멀티텍(주),경남 김해시 상동면 상동로 263-89,,2022-12-01 오후 01:13:27
0547,미래발효산업,부산 강서구 대저로221번다길 3 ,,2022-12-01 오후 01:13:27
0548,미래선별기,충남 예산군 신암면 종경길 75 ,,2022-12-01 오후 01:13:27
0549,신미래에너지(주),경기도 의정부시 민락동 809폴리프라자3차 601호,https://energy.allbrand.co.kr/,2022-12-01 오후 01:13:27
0550,(주)미래에스티,경남 김해시 상동면 상동로 263-89 ,,2022-12-01 오후 01:13:27
0555,미래텍,대구 달성군 옥포읍 비슬로457길 13 ,,2022-12-01 오후 01:13:27
0558,미성아그로,경북 구미시 황상동 52 바동 ,,2022-12-01 오후 01:13:27
0563,(주)바람개비,경북 칠곡군 동명면 경북대로 873 ,www.barame.kr,2022-12-01 오후 01:13:27
0565,바우company(주),전라북도 정읍시 북면 3산단 4길 60,bawoocompany.co.kr/,2022-12-01 오후 01:13:27
0566,바이오리쏘스(주),경상남도 순천시 주암면 궁각리 484-3,bioreso.kr.ec21.com/,2022-12-01 오후 01:13:27
0567,바이오멕스,경기 하남시 신평로 168번길 45 ,www.biomex.co.kr,2022-12-01 오후 01:13:27
0569,반석산업,전북 고창군 고수면 고수농공단지길 58 ,,2022-12-01 오후 01:13:27
0571,발산공업,전북 군산시 서수면 상장곤윗길 90 ,balsanv.co.kr/,2022-12-01 오후 01:13:27
0574,백암물산,경북 김천시 개령면 김선로 315 ,,2022-12-01 오후 01:13:27
0576,백학플라우,경기 연천군 백학면 두백로 18 ,,2022-12-01 오후 01:13:27
0579,(주)범양,대구 달성군 논공읍 비슬로262길 35-21 ,www.bypt.kr,2022-12-01 오후 01:13:27
0580,(주)범한,전남 나주시 동수농공단지길 108 ,www.bomhan.co.kr,2022-12-01 오후 01:13:27
0583,(주)벡터전자,경남 창녕군 창녕읍 창녕대로 138 ,www.tigervolt.com,2022-12-01 오후 01:13:27
0587,병주농자재,경북 경산시 진량읍 문천길 161-10 ,www.tapebinder.com,2022-12-01 오후 01:13:27
0588,보국모터,경북 성주군 선남면 명관로 446-21 ,bokukmotor.com/,2022-12-01 오후 01:13:27
0589,보농 주식회사,전북 익산시 평동로 386-126 ,,2022-12-01 오후 01:13:27
0592,보성산업,대구광역시 달성군하빈면 하빈로 80길 8,www.bosung-freeze.com/,2022-12-01 오후 01:13:27
0594,보영엔지니어링,경북 칠곡군 지천면 금호로1길 88 ,dj0024.bizdaara.com/,2022-12-01 오후 01:13:27
0595,보은기계,경기도 포천시 내촌면 내진로 300  (진목리 350-14),boeunmd.co.kr/,2022-12-01 오후 01:13:27
0597,보일공업(주),경기도 화성시 양감면 줄터길 88,www.bo-il.co.kr/bbs/board.php?bo_table=b1,2022-12-01 오후 01:13:27
0599,(주)보트텍,전북 익산시 함열읍 정동길 79 ,,2022-12-01 오후 01:13:27
0601,보행전기난방기,경남 함안군 산인면 송정2길 5-85 ,,2022-12-01 오후 01:13:27
0603,볼보그룹코리아(주)건설기계(서울),전북 군산시 미성로 475,https://www.volvoce.com/south-korea/ko-kr/,2022-12-01 오후 01:13:27
0606,부건교역,광주 광산구 동곡신기길 3 ,,2022-12-01 오후 01:13:27
0615,(주)부성시스템,부산 사상구 낙동대로 1530번길 39(삼락동) ,busungsystem.com/,2022-12-01 오후 01:13:27
0617,(주)부성,인천 남동구 남동대로 155번길 80 ,www.busungrh.com/,2022-12-01 오후 01:13:27
0618,부성특수모타사,"대구 북구 유통단지로 16, 7동 1호 ",,2022-12-01 오후 01:13:27
0619,(주)부성하이테크,제주 제주시 조천읍 대와상길111 ,,2022-12-01 오후 01:13:27
0620,(주)부-스타,본사 ㆍ공장 : 충청북도 진천군 이월면 고등2길 18 / 서울사무소 : 서울특별시 강서구 허준로 217 (가양동) ,https://booster.co.kr/,2022-12-01 오후 01:13:27
0621,(주)부암,경기 광주시 초월읍 무들로238번길 17 ,www.buam365.co.kr,2022-12-01 오후 01:13:27
0622,(주)부영기계,"경기 성남시 중원구 둔촌대로 555, B102호 ",www.bymc.co.kr/,2022-12-01 오후 01:13:27
0624,부흥기계공업사,경남 진주시 진성면 동부로 1247 ,www.bhmi.co.kr,2022-12-01 오후 01:13:27
0625,부흥농기계,충남 부여군 석성면 연추로 121 ,www.xn--om2b11s.net/,2022-12-01 오후 01:13:27
0626,북성공업(주),경남 밀양시 상남면 상남로 391-20 ,www.booksung.com/,2022-12-01 오후 01:13:27
0627,북성산업,경상남도 창원시 마산합포구 자산삼거리로 86 상가동 202호 (이지홈빌라),bukseong.kr/,2022-12-01 오후 01:13:27
0628,(주)불스,경북 성주군 용암면 성암로 1272 ,www.ibulls.co.kr/,2022-12-01 오후 01:13:28
0629,(주)브리슨,광주 광산구 진곡산단5번로 47(진곡동) ,bricen.co.kr/,2022-12-01 오후 01:13:28
0630,블루에너지,대구 달성군 화원읍 장길 21-3 ,www.blueenergy.co.kr,2022-12-01 오후 01:13:28
0633,(주)비엔씨하이텍,경기 양주시 광적면 그루고개로143번길 104 ,www.bnc21.com,2022-12-01 오후 01:13:28
0634,(주)비엘에이치아쿠아텍,"경기 성남시 분당구 새나리로25, 전자부품연구원 403호 ",,2022-12-01 오후 01:13:28
0635,(주)비엠모터스,충남 천안시 동남구 성남면 용원4길 87-11 ,www.bmm.kr,2022-12-01 오후 01:13:28
0636,비엠티,경북 성주군 선남면 명관로 446-31 ,,2022-12-01 오후 01:13:28
0637,(주)비케이글로벌,경남 함안군 대산면 함의로 804 ,,2022-12-01 오후 01:13:28
0640,빛나매크로,경기도 화성시 장덕북길 146번길78 (장덕동 469-5),www.vinna.co.kr/main,2022-12-01 오후 01:13:28
0643,(주)산내들,경기 남양주시 화도읍 재재기로 71번안길 41 ,,2022-12-01 오후 01:13:28
0644,(주)산주에너지,충남 당진시 송악읍 영금절골길 25 ,,2022-12-01 오후 01:13:28
0646,(유)삼광테크,전북 김제시 황산면 용마로 429-6 ,,2022-12-01 오후 01:13:28
0648,삼농기계,전남 순천시 서면 순천로 637 ,,2022-12-01 오후 01:13:28
0652,(주)삼도환경,광주광역시 북구 첨단과기로123 광주과학기술원 창업진흥센터 A동 116-1호,https://www.plalus.kr/index.php,2022-12-01 오후 01:13:28
0653,삼동(주),충청북도 옥천군 옥처읍 동안리 163-5,www.sdpanel.com/main.php,2022-12-01 오후 01:13:28
0655,삼부강업(주),"경기 시흥시 마유로238번길 86, (정왕동, 시화공단 3나 604호)",www.xn--vb0bww433ashetqj.com/,2022-12-01 오후 01:13:28
0656,(주)삼부기계,경기 남양주시 진접읍 진벌로223번길 33-18 ,www.sbws.co.kr/,2022-12-01 오후 01:13:28
0657,삼부기계,경기 남양주시 진접읍 진벌로 223번길 33-18 ,www.sbws.co.kr/,2022-12-01 오후 01:13:28
0658,삼부정밀,충북 옥천군 옥천읍 서부로 38-10 ,,2022-12-01 오후 01:13:28
0659,삼산물산,충북 진천군 광혜원면 죽현길 140 ,,2022-12-01 오후 01:13:28
0660,삼생공업,경북 영주시 장수면 장수로220번길 22,blog.daara.co.kr/samsaeng,2022-12-01 오후 01:13:28
0663,삼성공업,충남 천안시 서북구 성거읍 돌다리길 40 ,,2022-12-01 오후 01:13:28
0664,삼성금산정밀,대구 북구 노원로1길 196-13 ,isamsung.net/,2022-12-01 오후 01:13:28
0666,(주)삼성냉동기업,경기 용인시 처인구 백옥대로 1005번길 21-8 ,sspanel.co.kr/website/,2022-12-01 오후 01:13:28
0667,삼성냉동산업(주),경기도 용인시 처인구 백옥대로 1005번길 21-8(남동),sspanel.co.kr/website/,2022-12-01 오후 01:13:28
0668,삼성농기,전북 김제시 황산면 풍요로 713-37 ,samsungfm.com/g5/,2022-12-01 오후 01:13:28
0670,삼성블루칩,경기 화성시 마도면 마도공단로 5길 46-17 ,kekurips.bizdaara.com/kekurips,2022-12-01 오후 01:13:28
0671,삼성산업,대구광역시 서구 평리로17길 30 (중리동),https://blog.yeogie.com/silverchoi64,2022-12-01 오후 01:13:28
0673,삼성이엔지(주),경북 성주군 월항면 중포길 108-4,www.sscs.co.kr/,2022-12-01 오후 01:13:28
0674,삼성인더스트리(주),부산 사하구 다산로175번길 26 다대동,https://www.samsung.com/sec/,2022-12-01 오후 01:13:28
0675,삼성전자(주),경기 수원시 영통구 삼성로 129 ,https://www.samsung.com/sec/,2022-12-01 오후 01:13:28
0676,삼성정공,경북 칠곡군 왜관읍 공단로10길 11 ,,2022-12-01 오후 01:13:28
0677,삼성종합기계,대구 서구 평리로17길 30 ,,2022-12-01 오후 01:13:28
0679,(주)삼성판넬플랜트,경북 칠곡군 석적읍 포망로 236 ,www.samsungpanel.co.kr/,2022-12-01 오후 01:13:28
0684,삼양히트보일러,경기 김포시 통진읍 김포대로1950번길 85-17 ,www.samyanghit.co.kr/,2022-12-01 오후 01:13:28
0685,삼엔(주),서울 강동구 상일로6길 26,www.samsungengineering.co.kr/kor/index,2022-12-01 오후 01:13:28
0686,삼영기계(주),충청남도 공주시 월미농공단지길 39,https://www.sym.co.kr/sub/sub01_01.php,2022-12-01 오후 01:13:28
0689,삼우기계,"경기도 포천시 원동교 1길 11-30 가,나,다 동",www.samwooeng.co.kr/,2022-12-01 오후 01:13:28
0690,삼우엔지니어링,"경기 시흥시 정왕천로 197, 동우디지털파크 B-208 ",www.samwoo1995.kr,2022-12-01 오후 01:13:28
0691,삼우테크,인천 남동구 남동서로 70,www.sw-tc.com,2022-12-01 오후 01:13:28
0692,삼원기계,경남 창원시 의창구 대산면 제동리 548-11,www.samwonfarm.com/index.php,2022-12-01 오후 01:13:28
0693,삼원기연(주),경기도 양주시 광적면 그루고개로143번길 232,https://blog.yeogie.com/samwon86/,2022-12-01 오후 01:13:28
0694,(주)삼원농기계,경남 창원시 의창구 대산면 가술산단로80 ,www.samwonfarm.com/index.php,2022-12-01 오후 01:13:28
0697,삼일기계,전남 영암군 영암읍 신복대내길 7 ,,2022-12-01 오후 01:13:28
0698,삼일농기계수리센터,충남 아산시 득산동 394-46 ,,2022-12-01 오후 01:13:28
0699,삼일엔지니어링,경기 용인시 처인구 남사면 원암로 368 ,www.samil21.co.kr/,2022-12-01 오후 01:13:28
0701,삼일푸라우,충청남도 논산시 성동면 개척리 403-7,,2022-12-01 오후 01:13:28
0702,(주)삼정건설기계,경기 오산시 경기대로 636번길 126-14 ,www.samjung-kenki.co.kr/,2022-12-01 오후 01:13:28
0703,삼정양행,충북 음성군 음성읍 신용로21번길 17 ,fogger.co.kr,2022-12-01 오후 01:13:28
0704,삼종도어텍,경북 칠곡군 가산면 낙동대로 596 ,,2022-12-01 오후 01:13:28
0706,(주)삼진기계,경남 창녕군 대합면 용산유산로6 ,,2022-12-01 오후 01:13:28
0707,삼진테크농자재,경북 고령군 성산면 신기길 85-5(용소리),samjin.machineyh.co.kr/cafe/index.htm,2022-12-01 오후 01:13:28
0708,삼창그린테크,경남 김해시 상동면 장척로 462번길 32-8 ,www.188.co.kr,2022-12-01 오후 01:13:28
0710,(주)삼현모터스,경남 함양군 함양읍 함양로 1276 ,,2022-12-01 오후 01:13:28
0712,삼현컨베이어(주),광주 광산구 임곡로 259,www.samhyun.net/,2022-12-01 오후 01:13:28
0714,삼흥공업사,충남 금산군 금산읍 인삼로 193 ,,2022-12-01 오후 01:13:28
0715,상구정공(주),경기 화성시 팔탄면 노하길244번길 42-8 ,sanggu.co.kr/,2022-12-01 오후 01:13:28
0716,상림판넬플랜트,경북 고령군 성산면 오곡길 13 ,,2022-12-01 오후 01:13:28
0719,(주)상일테크,경기 화성시 팔탄면 제암고주로 102-1 ,www.sangiltech.co.kr,2022-12-01 오후 01:13:28
0721,상현하이텍,경기도 이천시 장호언읍 서동대로 8441,https://shht.modoo.at/?link=dvhicj33,2022-12-01 오후 01:13:28
0722,새싹,경북 영천시 신녕면 완전 1리 854-1,www.cbc.ne.kr/bbs/,2022-12-01 오후 01:13:28
0723,새한일사,경남 진주시 대신로208번길 16,www.saihanil.com/?c=Cat04/Cat04_1/Cat04_1_2,2022-12-01 오후 01:13:28
0724,새한테크(주),경기도 부천시 오정구 삼작로 143번길 36(내동),www.saehantec.co.kr/,2022-12-01 오후 01:13:28
0725,(주)생명과기술,"경기 평택시 서탄면 서탄로 559, 라동 ",www.lifentech.com/,2022-12-01 오후 01:13:28
0726,샤프트,경기 평택시 서탄면 수월암길 60-8 ,www.han-eng.com/company/company03.asp,2022-12-01 오후 01:13:28
0728,서광,광주 광산구 동곡로 644-17 ,,2022-12-01 오후 01:13:28
0731,서도아시아,경북 구미시 고아읍 선산대로 1040(관심리 809-25) ,www.seodoasia.com/,2022-12-01 오후 01:13:28
0733,(주)서빙고,충남 천안시 서북구 하야들길 45 ,,2022-12-01 오후 01:13:28
0736,서울기업사,경북 김천시 봉산면 황악로 1740,goodfan.co.kr/,2022-12-01 오후 01:13:28
0739,(주)서원양행,경기 부천시 원미구 부천로 198번길 17 ,seowonco.com/1/,2022-12-01 오후 01:13:28
0741,서진ENG,전남 장성군 황룡면 강변로 484-6 ,,2022-12-01 오후 01:13:28
0742,농업회사법인(주)서진보일러,"대구 달성군 현풍읍 지동길 156, A동 ",,2022-12-01 오후 01:13:28
0743,서진테크,경기 화성시 남양읍 주석로 80번길5 ,sjae9765.mycafe24.com/,2022-12-01 오후 01:13:28
0745,서해농기구푸라우,전북 김제시 죽산면 내재2길 9 ,,2022-12-01 오후 01:13:28
0747,서현테크,대구광역시 북구 구암로 42길 9,www.seo-hyeon.kr/,2022-12-01 오후 01:13:28
0748,(주)서화인터내셔널,"경북 경산시 대학로 280, 생산기술연구원 317 ",https://www.elefant21.com/contact,2022-12-01 오후 01:13:28
0750,석문전기(주),대구 동구 매여로1길 42 ,,2022-12-01 오후 01:13:28
0751,석화에너지,경북 성주군 용암면 선송 2길 13,www.sukha.co.kr/,2022-12-01 오후 01:13:28
0753,(주)선농,경북 성주군 선남면 명관로 337-24 ,www.snong.co.kr/html/main.php,2022-12-01 오후 01:13:28
0757,선일농기계,경북 고령군 대가야읍 중앙로 67 ,,2022-12-01 오후 01:13:28
0759,선호AMC,대전광역시 중구 대종로 109(구. 옥계동 16-1) 대광빌딩 6층,m.sunhoamc.co.kr/,2022-12-01 오후 01:13:28
0761,선호종합기계(주),충북 옥천군 동이면 옥천동이로 576-57 ,,2022-12-01 오후 01:13:28
0765,성광아이엔디,대구광역시 서구 염색공단천로 79(비산동),www.sungkwangind.co.kr/,2022-12-01 오후 01:13:28
0766,(주)성도그린테크,전남 장성군 황룡면 외장산길 3-18 ,www.sdgreentech.co.kr,2022-12-01 오후 01:13:28
0768,성도농업기계(주),충북 청주시 청원구 북이면 장재금대로 153-7,www.sdam.co.kr/new/,2022-12-01 오후 01:13:28
0770,성보기계,대구광역시 달성군 하빈면 현내리 840번지,www.seungbo.co.kr/html/,2022-12-01 오후 01:13:28
0772,성부산업,경북 칠곡군 왜관읍 공단로 203 ,www.isungboo.com/,2022-12-01 오후 01:13:28
0774,(주)성부,경북 칠곡군 왜관읍 공단로 7길 16-12 ,,2022-12-01 오후 01:13:28
0775,성산종합기계(주),경기도 화성시 팔탄면 고주리 122-10,gsall.subnara.info/,2022-12-01 오후 01:13:28
0778,성우공업(주),경남 사천시 사천읍 두량공단로 41 ,www.sungwooinc.co.kr/src/,2022-12-01 오후 01:13:28
0780,성우농기계,경남 함안군 가야읍 말산9길 12 ,,2022-12-01 오후 01:13:28
0782,(주)성우정밀,충북 영동군 황간면 영동황간로 1452-160 ,www.sungwoo7.com/,2022-12-01 오후 01:13:28
0784,성원마끼나,경북 안동시 서후면 풍산태사로 2780 ,www.makkina.net/,2022-12-01 오후 01:13:28
0785,(유)성원산업,전남 화순군 화순읍 정곡로 96 ,mysungwon.co.kr/a/,2022-12-01 오후 01:13:28
0786,성일산업,전북 익산시 석암로 243-13 ,www.sung-il.kr/,2022-12-01 오후 01:13:28
0787,성일이엔지산업(주),대구시 북구 검단동 887-109,https://blog.yeogie.com/abcd3097/,2022-12-01 오후 01:13:28
0788,성주종합농자재,경북 성주군 성주읍 성주고교길 2(금산리),pkt114.com/new_stand/index.htm?phone=054-933-1186&PageNum=&ck=1,2022-12-01 오후 01:13:28
0789,성지기업(주),부산광역시 사상구 낙동대로 1422(삼락동),sjsseed.bizdaara.com/,2022-12-01 오후 01:13:28
0790,(주)성진냉동판넬,경기 용인시 처인구 백암면 덕평로 60-10 ,www.sjpanel.co.kr/index.php,2022-12-01 오후 01:13:28
